C0,C1,C2,TP
6.35,14.59,3.61,C1
11.56,0.0,1.43,C0
4.83,0.0,2.27,C2
9.06,5.54,0.66,C0
24.79,0.0,0.0,C0
13.76,52.94,5.3,C2
4.53,0.0,0.43,C2
25.65,27.99,2.38,C1
4.22,9.32,0.79,C1
9.48,4.12,3.55,C1
3.83,5.95,1.4,C1
4.03,23.72,2.19,C1
13.29,0.0,7.42,C2
22.49,0.0,0.0,C0
11.66,0.0,0.73,C0
7.63,1.67,2.09,C1
14.15,0.0,1.86,C2
4.12,4.51,3.14,C2
13.7,0.0,8.34,C0
35.71,0.0,3.22,C0
15.81,0.0,1.63,C1
6.37,0.0,0.0,C2
37.83,8.89,5.39,C1
9.33,0.0,0.0,C2
16.93,0.0,0.0,C0
21.1,0.0,4.72,C2
8.23,0.0,0.0,C0
13.06,0.0,3.15,C2
4.92,3.86,1.86,C1
19.38,0.0,2.87,C2
4.11,15.25,0.75,C1
10.49,0.0,0.0,C0
6.2,9.18,3.09,C1
2.83,29.93,2.38,C1
31.86,0.0,0.69,C0
8.23,0.0,0.76,C1
7.08,0.0,1.34,C2
12.18,0.0,0.0,C0
12.68,0.0,0.0,C0
5.63,15.36,6.04,C1
4.17,0.0,3.79,C1
7.43,2.07,0.68,C1
17.35,0.0,1.51,C2
11.32,0.0,0.0,C0
5.22,0.0,0.73,C2
11.07,0.0,0.0,C0
8.38,2.25,15.74,C2
24.01,18.19,5.52,C2
4.12,7.97,2.16,C1
2.99,0.0,0.0,C0
5.46,22.53,2.18,C1
2.77,62.74,3.11,C2
9.71,6.45,0.75,C1
2.72,10.77,1.49,C1
4.16,15.58,2.35,C1
25.78,0.0,3.18,C0
3.58,73.59,0.72,C1
7.97,6.82,12.56,C1
17.88,0.0,0.0,C0
6.09,0.0,3.13,C2
9.16,0.0,0.0,C0
10.59,0.0,0.68,C2
9.38,0.0,2.36,C2
14.13,0.0,0.0,C0
11.17,1.86,0.73,C1
28.39,7.76,3.79,C1
14.35,0.0,1.15,C0
5.13,0.0,2.8,C2
15.11,0.0,1.93,C0
15.61,0.0,8.49,C2
10.82,0.0,0.72,C0
22.78,2.26,4.74,C0
11.59,0.0,0.0,C0
5.53,0.0,0.0,C0
9.39,4.46,3.71,C2
13.46,0.0,0.69,C2
5.58,0.0,2.35,C0
5.24,0.0,6.81,C2
4.52,1.88,1.47,C1
22.58,0.0,3.93,C2
9.04,16.4,3.44,C1
17.88,0.0,0.0,C0
9.87,0.0,0.0,C0
5.94,19.77,0.69,C1
16.57,0.0,3.93,C2
22.39,0.0,1.58,C2
5.63,13.78,3.15,C1
17.59,2.18,2.23,C2
7.22,0.0,4.22,C1
4.9,16.53,7.23,C0
11.36,0.0,0.0,C0
4.09,8.91,3.08,C1
18.2,25.16,6.95,C2
7.99,0.0,0.0,C0
9.1,0.0,0.0,C0
4.58,21.61,2.56,C1
4.21,0.0,0.79,C2
5.1,9.39,1.32,C1
19.78,0.0,0.77,C0
10.29,0.0,0.0,C0
9.87,9.21,2.72,C2
4.31,2.34,6.24,C2
11.96,0.0,1.88,C2
4.2,35.28,3.09,C1
15.09,0.0,0.0,C0
5.32,29.03,3.0,C2
2.68,19.3,3.04,C1
9.78,0.0,1.36,C0
6.99,15.27,4.71,C1
27.23,0.0,0.0,C0
5.36,82.91,9.62,C2
16.8,0.0,0.0,C0
4.86,0.0,2.93,C2
5.51,1.87,0.76,C1
20.53,0.0,8.54,C2
11.09,55.11,28.71,C1
6.94,9.2,4.67,C1
5.08,8.98,2.86,C2
4.07,4.1,2.96,C2
11.21,0.0,0.0,C0
2.75,41.27,5.55,C2
9.63,0.0,0.0,C0
11.43,0.0,0.0,C0
17.99,0.0,0.76,C2
2.76,0.0,0.76,C1
3.85,0.0,0.0,C0
12.6,0.0,0.0,C0
24.07,0.0,2.4,C0
13.45,0.0,1.71,C2
4.12,0.0,3.01,C2
10.24,11.64,4.45,C1
2.67,55.37,5.98,C1
2.51,1.55,1.99,C2
18.52,0.0,0.76,C2
7.15,3.77,1.38,C1
8.82,3.9,3.69,C1
16.53,1.38,5.61,C1
0.67,0.0,0.0,C2
19.33,8.15,0.78,C1
7.23,0.0,1.89,C2
4.25,11.27,6.21,C1
12.63,0.0,0.0,C0
8.6,0.0,1.42,C0
11.76,0.0,0.0,C0
21.76,0.0,0.64,C0
7.4,14.72,2.6,C1
2.59,6.24,2.83,C1
2.61,21.65,3.75,C1
4.13,2.35,5.24,C2
2.75,0.0,1.54,C1
17.2,0.0,1.47,C0
2.8,4.53,5.44,C1
4.29,28.19,4.04,C1
10.0,0.0,0.0,C2
16.46,0.0,0.75,C2
9.11,0.0,0.0,C2
12.64,55.09,1.56,C1
1.28,0.0,0.0,C0
11.17,0.0,0.0,C0
4.98,9.34,1.58,C1
35.69,0.0,0.0,C0
5.46,51.13,5.28,C2
2.67,0.0,0.69,C2
2.85,0.0,0.78,C1
2.79,4.27,1.56,C1
5.58,2.23,2.23,C0
5.49,0.0,2.17,C2
8.6,7.08,4.79,C1
7.64,0.0,0.62,C2
8.59,11.04,1.4,C1
2.23,2.2,4.37,C1
5.52,0.0,4.64,C2
9.7,4.05,0.76,C1
4.24,0.0,0.0,C0
1.37,0.0,0.0,C0
2.4,30.71,6.8,C2
23.37,0.0,0.72,C2
22.7,14.9,2.88,C1
13.82,0.0,2.18,C2
4.22,2.32,9.29,C2
6.35,0.0,1.45,C2
4.13,0.0,1.53,C2
22.45,2.05,6.96,C0
4.96,9.85,1.39,C1
14.63,0.0,2.94,C1
4.15,6.55,18.51,C1
4.17,12.94,4.19,C2
6.11,7.54,2.05,C1
2.49,9.07,3.0,C1
4.16,15.91,3.11,C1
6.92,0.0,2.95,C2
6.43,12.87,2.98,C1
4.15,34.64,6.82,C2
2.8,2.27,1.56,C1
3.95,18.88,2.97,C1
2.68,14.81,1.44,C1
4.01,8.44,1.44,C1
4.13,0.0,3.04,C0
4.27,2.3,3.12,C2
2.75,42.35,1.48,C1
15.77,0.0,0.0,C0
4.83,3.7,2.34,C1
4.08,10.73,3.75,C1
6.76,0.0,0.73,C1
5.18,0.0,0.73,C2
11.48,0.0,0.0,C0
4.2,4.66,1.53,C1
14.22,0.0,0.0,C0
8.55,0.0,3.17,C2
2.47,14.32,3.32,C1
2.8,90.36,16.12,C2
14.08,0.0,0.0,C0
11.06,0.0,0.71,C0
4.81,8.45,2.69,C2
6.54,3.1,3.85,C1
7.03,1.58,4.6,C2
4.18,0.0,1.48,C1
36.28,0.0,2.63,C0
11.15,0.0,4.09,C2
3.68,12.41,2.1,C1
14.2,0.0,8.54,C0
2.55,0.0,0.0,C2
10.66,0.0,0.56,C0
4.16,0.0,9.27,C0
2.81,79.93,3.09,C2
4.17,4.69,1.58,C1
2.78,23.25,3.06,C1
31.63,0.0,0.73,C0
26.92,0.0,0.0,C0
8.59,0.0,0.66,C0
6.17,0.0,1.37,C2
3.77,10.47,1.56,C1
12.54,0.0,0.0,C0
2.76,25.79,3.84,C1
3.93,15.13,4.14,C1
7.88,0.0,2.04,C2
5.56,2.12,0.75,C1
15.46,0.0,0.0,C0
2.54,5.65,0.68,C2
2.46,0.0,3.02,C2
23.76,3.72,1.28,C1
11.04,0.0,3.47,C2
10.24,0.0,0.67,C2
9.38,0.0,1.88,C2
8.4,4.4,1.42,C2
6.66,0.0,0.0,C0
14.7,0.0,1.47,C2
1.41,0.0,0.0,C0
15.05,0.0,0.0,C0
7.95,0.0,3.52,C2
9.79,11.71,2.64,C1
15.17,0.0,0.76,C0
2.29,16.16,3.62,C1
3.59,1.84,0.7,C1
2.74,13.55,1.54,C1
4.28,7.69,1.37,C1
5.35,0.0,0.77,C2
4.28,4.6,1.51,C1
20.2,0.0,0.0,C0
4.16,22.02,0.74,C1
6.81,15.3,3.0,C1
26.71,0.0,0.0,C0
17.48,21.08,6.01,C1
20.68,20.08,15.56,C0
2.34,0.0,0.61,C0
24.96,44.13,2.15,C0
8.05,5.93,1.34,C1
35.5,0.0,6.01,C0
2.54,6.12,1.39,C1
2.81,11.48,1.56,C1
11.69,0.0,0.0,C0
21.94,0.0,0.9,C2
10.17,0.0,0.0,C0
18.08,4.59,0.74,C1
4.87,0.0,3.05,C2
3.8,0.0,0.67,C0
34.89,0.0,4.31,C2
2.78,5.33,3.57,C1
2.52,5.93,1.37,C1
4.11,0.0,1.53,C1
10.17,0.0,4.25,C2
17.54,0.0,0.73,C2
26.38,27.57,8.38,C1
3.62,3.68,0.66,C1
18.52,0.0,0.0,C0
25.99,42.68,37.72,C1
10.79,0.0,4.51,C1
5.48,0.0,4.4,C1
6.96,0.0,0.0,C0
2.56,10.48,0.7,C1
7.96,2.05,8.79,C2
19.09,0.0,0.0,C0
15.33,50.22,7.84,C2
18.1,0.0,3.14,C0
6.48,6.99,2.15,C1
4.2,11.24,1.53,C1
10.12,0.0,0.0,C0
6.17,0.0,0.0,C0
4.29,0.0,0.95,C2
2.07,1.28,0.43,C1
4.16,0.0,5.25,C2
18.36,4.49,6.27,C1
2.77,28.38,2.32,C1
5.13,5.99,4.78,C1
10.6,0.0,0.0,C0
13.41,0.0,0.0,C0
11.34,0.0,3.07,C1
7.25,0.0,0.0,C0
14.06,9.26,3.18,C1
24.73,8.97,2.32,C1
5.28,0.0,1.25,C1
0.04,0.14,0.0,C1
5.17,24.1,6.25,C2
20.66,11.22,2.22,C1
2.48,19.63,0.75,C1
3.78,8.78,4.61,C2
4.24,0.0,0.0,C2
12.57,0.0,4.28,C2
11.31,0.0,2.3,C2
2.29,10.42,13.43,C1
25.05,4.26,1.51,C1
3.97,11.48,1.51,C1
9.74,0.0,0.42,C2
4.24,13.85,1.58,C1
2.61,1.27,1.29,C2
3.9,0.0,4.64,C2
34.03,0.0,6.21,C2
7.51,0.0,5.11,C2
11.97,0.0,0.0,C0
9.32,3.98,4.27,C1
3.97,0.0,0.37,C0
4.08,44.92,1.57,C1
6.54,0.0,0.0,C0
1.89,16.02,0.92,C1
5.13,10.21,3.34,C1
7.67,6.04,4.05,C2
18.47,0.0,6.33,C2
11.44,6.99,2.38,C1
4.23,15.21,0.77,C1
13.39,0.0,0.0,C0
2.55,8.57,4.25,C1
3.82,0.0,1.27,C1
15.41,0.0,0.0,C0
2.82,10.9,1.55,C1
8.29,4.27,6.01,C0
8.72,0.0,1.31,C2
34.3,0.0,4.66,C2
21.4,0.0,0.61,C0
7.32,10.93,2.29,C1
3.24,0.0,1.4,C2
15.52,18.28,2.35,C1
3.72,0.0,1.32,C1
3.14,0.0,2.84,C2
11.48,0.0,0.0,C0
19.08,26.9,8.19,C2
2.56,2.3,11.25,C1
35.22,8.87,0.63,C1
9.8,0.0,0.0,C0
2.75,0.0,3.02,C2
2.8,8.82,5.31,C1
19.02,0.0,0.0,C0
19.39,0.0,8.68,C0
7.55,0.0,1.99,C0
5.68,0.0,0.0,C0
13.84,0.0,0.0,C0
18.99,2.15,10.34,C1
5.07,5.54,2.3,C1
2.74,91.5,16.75,C1
13.7,0.0,1.82,C0
4.24,32.2,0.78,C1
13.68,0.0,0.0,C0
3.78,0.0,0.0,C0
4.22,16.04,1.55,C1
14.98,0.0,0.0,C0
2.81,4.65,3.16,C1
3.65,12.71,8.77,C2
5.45,13.91,1.56,C1
8.25,0.0,0.65,C1
5.74,2.32,2.32,C2
26.9,25.54,14.16,C0
7.11,11.26,2.88,C1
37.78,0.0,1.47,C0
13.74,0.0,0.0,C0
21.28,0.0,0.79,C0
4.29,30.39,1.6,C1
2.69,6.37,0.74,C1
2.76,0.0,3.77,C1
8.95,3.86,1.38,C1
4.24,16.23,3.98,C1
4.16,4.53,3.89,C1
29.07,0.0,0.0,C0
17.07,20.46,1.96,C1
13.15,0.0,0.67,C0
4.51,24.53,1.62,C1
24.51,12.09,3.01,C1
4.02,0.0,0.0,C0
4.2,20.18,6.04,C1
2.36,1.0,1.05,C1
10.27,0.0,0.49,C2
14.25,0.0,0.0,C0
3.38,2.44,1.38,C1
2.54,9.45,2.51,C1
18.78,0.0,0.74,C0
3.51,2.05,3.91,C2
21.4,0.0,3.47,C0
27.67,0.0,6.58,C2
9.67,46.92,3.01,C2
33.8,48.08,20.78,C2
5.58,0.0,0.77,C0
12.25,4.23,1.96,C1
2.32,14.86,0.66,C1
5.62,0.0,3.15,C2
2.3,0.0,2.95,C2
4.14,15.18,2.29,C1
23.88,52.14,16.03,C1
10.79,18.67,2.82,C1
7.08,4.27,3.93,C1
12.24,0.0,0.0,C0
2.27,13.87,3.66,C1
2.78,18.25,0.76,C1
5.23,0.0,1.46,C1
2.78,6.38,0.79,C1
18.88,0.0,0.0,C0
0.41,0.0,0.01,C2
20.3,5.89,2.06,C1
16.42,1.8,7.27,C0
9.78,31.96,0.78,C1
2.5,0.0,4.97,C2
11.57,0.0,0.0,C0
3.88,0.0,1.56,C1
5.49,13.57,3.13,C1
22.73,2.34,1.59,C1
4.58,0.0,0.42,C0
4.14,19.69,0.79,C1
12.36,0.0,7.46,C2
18.4,0.0,3.95,C0
5.58,0.0,0.77,C2
2.8,0.0,1.54,C2
17.36,0.0,0.68,C0
5.63,9.14,0.77,C1
18.5,5.84,4.18,C2
12.02,13.43,1.18,C1
11.87,0.0,4.55,C0
9.85,0.0,4.55,C2
23.53,0.0,3.58,C2
2.32,13.3,1.65,C1
2.67,0.0,1.5,C2
18.59,55.94,2.48,C2
6.17,5.94,2.02,C1
2.85,32.73,0.79,C2
2.8,25.58,3.12,C1
5.71,4.64,3.18,C1
12.66,0.0,0.0,C0
11.22,4.15,1.53,C1
14.74,0.0,0.0,C0
10.48,8.09,4.93,C1
8.44,0.0,2.09,C2
3.8,11.96,0.75,C1
11.08,11.24,3.04,C1
38.74,0.0,0.0,C0
2.55,27.49,1.48,C1
2.75,0.0,0.0,C0
15.33,0.0,0.79,C0
2.71,13.38,1.47,C1
5.19,5.1,3.86,C1
6.93,0.0,0.56,C0
8.28,0.0,0.0,C0
11.4,5.71,2.73,C1
18.03,17.59,21.95,C1
8.93,0.0,6.27,C0
26.85,0.0,3.88,C2
4.13,0.0,2.25,C2
6.17,0.0,3.58,C0
5.98,0.0,1.36,C2
1.54,0.0,0.0,C0
2.63,58.5,8.62,C0
13.65,17.53,8.43,C1
4.17,22.84,1.55,C1
14.7,1.96,2.22,C1
2.75,0.0,0.0,C0
7.71,0.0,2.89,C0
7.58,0.0,1.62,C2
3.57,8.72,0.37,C1
2.76,10.96,2.33,C1
5.31,5.79,8.92,C2
16.11,0.0,0.0,C0
2.62,7.66,1.37,C2
1.86,28.44,5.77,C2
0.11,0.56,0.01,C1
9.14,0.0,1.42,C0
14.56,0.0,0.0,C0
4.07,0.0,4.7,C2
4.21,17.84,1.56,C1
7.72,0.0,2.87,C2
8.41,0.0,0.68,C2
23.57,0.0,0.0,C0
4.78,1.38,1.03,C1
11.19,0.0,0.0,C0
9.32,0.0,1.5,C0
9.61,0.0,0.0,C0
6.32,0.0,1.55,C0
9.69,3.71,1.66,C1
23.01,0.0,7.18,C2
4.12,9.0,3.03,C1
5.05,0.0,0.76,C2
9.58,0.0,2.19,C1
2.73,4.45,2.5,C1
4.21,25.76,2.36,C1
13.95,0.0,0.0,C0
17.92,2.26,6.73,C2
14.45,0.0,1.33,C2
2.8,8.95,1.5,C1
7.24,0.0,0.72,C0
4.03,9.69,0.73,C1
2.64,2.04,2.05,C1
23.03,0.0,0.0,C0
5.42,35.0,2.34,C2
2.8,4.51,3.85,C1
7.63,2.14,3.64,C2
11.78,10.36,0.72,C1
2.59,1.1,1.32,C1
3.41,0.0,0.41,C0
15.68,0.0,0.0,C0
17.23,4.51,4.02,C2
23.18,5.86,0.67,C1
2.62,0.0,2.92,C2
8.44,58.28,7.05,C0
13.05,0.0,1.0,C2
7.97,0.0,1.39,C0
4.0,0.0,5.15,C2
6.72,0.0,5.25,C2
25.26,0.0,2.95,C0
2.78,2.21,2.31,C2
21.65,0.0,0.0,C0
15.3,0.0,0.0,C0
1.4,0.0,0.0,C0
5.65,2.19,9.43,C2
5.52,0.0,0.8,C2
4.76,0.0,2.01,C2
18.49,16.49,7.16,C2
4.03,0.0,0.71,C1
4.14,8.81,1.49,C1
2.28,1.0,1.16,C1
4.14,2.26,2.17,C2
6.51,0.0,3.0,C2
4.9,0.0,1.83,C2
8.63,8.5,1.4,C1
5.6,4.33,1.49,C1
7.12,0.0,4.63,C2
4.12,13.07,0.77,C1
8.13,0.0,1.58,C1
8.97,1.55,1.17,C1
5.6,0.0,3.06,C2
18.04,0.0,0.0,C0
3.99,7.3,2.77,C1
2.59,12.05,1.3,C1
17.85,4.43,1.49,C1
12.63,2.31,10.99,C2
5.79,4.34,2.66,C1
7.87,0.0,2.82,C2
4.15,2.17,4.61,C2
8.49,0.0,0.0,C0
2.81,37.95,0.78,C1
11.96,0.0,1.21,C2
68.67,0.0,14.8,C0
11.34,0.0,5.98,C2
2.76,11.02,1.43,C1
19.88,0.0,7.16,C0
14.13,0.0,2.67,C1
13.83,0.0,0.0,C2
13.9,1.94,1.43,C1
4.26,9.24,2.36,C1
5.81,0.0,0.0,C0
6.62,0.0,1.15,C0
3.75,0.0,4.21,C0
14.06,2.02,5.18,C1
2.76,15.91,1.5,C1
0.0,0.18,0.0,C1
19.75,4.49,0.77,C1
2.71,0.0,0.0,C0
5.9,9.85,0.7,C1
2.71,24.49,2.33,C1
3.66,9.58,4.26,C1
13.46,0.0,4.47,C1
15.71,0.0,3.4,C1
2.69,13.86,1.54,C1
4.05,1.83,1.36,C1
2.59,0.0,0.0,C0
4.14,4.52,3.81,C1
11.78,2.42,1.65,C2
2.82,0.0,6.27,C2
2.85,22.14,0.77,C1
6.18,32.52,3.75,C1
4.17,13.32,4.48,C2
5.24,0.0,2.11,C2
15.99,20.27,1.48,C1
21.79,0.0,0.0,C2
6.88,26.11,5.98,C2
4.9,0.0,2.1,C1
5.2,15.69,1.53,C1
4.35,20.56,2.42,C1
2.56,27.05,1.32,C1
26.22,0.0,1.49,C1
2.68,44.63,2.26,C1
6.43,0.0,0.8,C0
19.23,0.0,0.0,C0
2.79,0.0,0.73,C1
2.72,6.65,0.75,C1
0.0,0.0,0.0,C0
4.35,9.4,0.8,C1
4.81,4.41,8.03,C2
30.25,0.0,2.99,C2
9.68,0.0,0.0,C0
8.53,0.0,0.03,C2
6.71,26.74,3.77,C1
6.51,3.76,2.62,C1
12.53,6.52,3.9,C1
3.98,10.93,2.29,C2
15.59,0.0,5.48,C2
9.86,26.61,2.6,C1
2.72,9.08,3.76,C1
4.05,8.9,1.53,C2
13.67,0.0,2.16,C1
2.72,69.74,0.79,C1
14.88,0.0,9.6,C0
4.26,24.61,3.14,C1
5.53,0.0,1.16,C2
20.31,0.0,0.79,C0
2.77,10.57,1.43,C1
7.91,0.0,0.0,C0
2.53,14.64,1.49,C1
5.15,1.82,2.67,C1
14.88,0.0,0.0,C0
19.37,0.0,0.0,C0
5.51,10.84,2.93,C1
4.86,31.76,1.46,C1
2.68,6.19,6.67,C1
23.13,0.0,5.73,C2
4.82,0.0,0.0,C0
16.16,0.0,2.01,C0
9.17,0.0,0.0,C0
9.18,0.0,0.0,C0
4.16,0.0,0.0,C0
5.96,20.53,1.26,C1
3.92,0.0,1.21,C2
9.49,5.93,5.63,C2
2.79,23.07,1.53,C1
10.81,10.95,5.29,C1
2.62,2.27,2.25,C1
5.27,15.26,0.78,C1
11.16,0.0,9.13,C2
21.9,45.08,6.6,C2
2.8,11.45,2.3,C1
3.53,18.77,5.5,C1
3.83,19.59,0.73,C1
2.76,0.0,2.29,C2
3.77,22.53,0.7,C1
4.05,0.0,3.8,C2
2.84,15.44,1.55,C1
2.7,46.47,2.28,C1
8.39,0.0,0.0,C0
8.34,0.0,0.0,C0
8.49,11.37,2.32,C1
15.15,0.0,1.59,C2
4.29,40.97,1.56,C1
4.91,17.9,1.67,C1
12.36,4.01,6.71,C1
8.44,22.12,1.71,C1
16.29,0.0,0.77,C2
24.07,0.0,3.97,C2
5.43,0.0,1.34,C2
7.01,14.07,6.26,C2
3.7,0.0,3.81,C2
4.78,0.0,0.62,C0
3.9,8.69,2.19,C1
26.09,16.43,5.74,C1
9.5,17.63,3.77,C2
3.93,0.0,0.32,C2
2.88,25.35,2.4,C1
9.97,0.0,1.22,C2
11.4,4.7,4.75,C1
21.85,0.0,0.75,C0
6.2,18.62,1.3,C1
7.15,4.59,9.55,C1
8.07,31.87,7.87,C2
5.55,2.36,3.14,C1
10.52,0.0,11.0,C0
30.45,0.0,0.74,C1
2.87,21.25,1.6,C1
11.27,0.0,3.08,C0
5.52,60.46,8.62,C1
4.26,9.3,14.18,C1
12.23,0.0,0.71,C0
9.46,1.9,3.9,C0
11.45,0.0,0.0,C0
4.14,0.0,1.44,C2
4.2,16.07,1.55,C1
4.23,9.18,1.53,C1
6.47,17.48,2.05,C1
2.31,0.0,2.85,C2
22.65,8.87,2.31,C1
10.21,0.0,2.49,C0
9.28,25.47,2.97,C2
13.85,0.0,0.11,C0
4.19,3.31,5.72,C1
4.26,32.79,4.72,C1
4.25,0.0,0.0,C0
9.62,0.0,6.65,C2
2.76,32.47,14.9,C1
5.89,0.0,4.4,C2
16.87,0.0,1.91,C2
8.2,0.0,0.0,C0
9.72,0.0,4.45,C2
18.47,3.24,1.91,C1
14.89,0.0,14.2,C1
11.81,0.0,0.0,C0
12.58,15.38,3.62,C1
12.56,2.27,1.5,C1
9.65,24.93,3.11,C2
10.61,0.0,0.0,C0
7.25,0.0,1.78,C0
19.12,50.87,3.79,C2
3.53,2.15,1.4,C1
0.47,0.0,0.0,C0
2.78,0.0,3.11,C1
4.11,20.49,3.11,C1
4.23,4.58,0.78,C1
25.68,0.0,0.0,C0
4.14,22.86,4.66,C1
30.74,0.0,6.29,C2
14.12,2.32,29.98,C1
9.74,0.0,2.96,C2
0.92,0.0,0.0,C0
19.41,0.0,0.0,C0
4.2,0.0,1.55,C0
11.8,23.1,2.18,C1
21.99,0.0,0.0,C0
8.42,8.68,3.06,C1
5.51,0.0,1.53,C2
13.89,0.0,0.0,C0
23.59,53.6,1.55,C1
11.11,0.0,0.0,C0
10.29,3.93,2.14,C1
8.08,0.0,0.0,C0
15.58,0.0,0.68,C2
17.8,0.0,2.01,C2
22.12,0.0,0.8,C0
14.25,23.23,1.45,C2
3.66,16.94,2.08,C1
4.23,46.95,3.21,C2
12.89,11.55,2.36,C1
18.44,0.0,0.56,C0
2.17,8.71,1.25,C1
25.97,4.41,4.62,C2
3.39,0.0,1.23,C2
3.93,0.0,0.0,C0
11.25,9.0,1.52,C1
5.59,21.65,2.94,C1
18.2,0.0,2.34,C2
13.21,0.0,1.05,C2
2.7,0.0,1.56,C2
5.38,0.0,4.5,C2
23.53,0.0,9.21,C0
13.04,19.21,1.93,C1
3.83,65.37,17.69,C1
14.41,0.0,2.66,C0
2.77,17.19,6.8,C2
2.81,0.0,0.74,C2
12.12,28.0,2.29,C1
4.26,0.0,1.43,C2
2.02,1.94,0.6,C1
32.32,0.22,1.71,C1
4.17,2.07,1.42,C1
11.16,39.8,13.16,C1
11.6,2.26,6.92,C2
7.74,9.3,0.63,C1
24.37,0.0,1.47,C2
5.49,8.46,7.42,C2
37.04,90.17,17.33,C0
5.46,14.83,4.54,C2
12.54,4.53,0.78,C1
29.31,0.0,8.36,C0
9.39,4.2,4.7,C1
26.53,0.0,10.17,C0
4.3,4.68,1.59,C1
20.15,13.52,6.15,C1
5.76,1.87,1.3,C2
6.78,0.0,1.52,C2
7.14,1.1,1.21,C2
10.04,0.0,1.33,C2
2.68,2.25,4.61,C2
13.21,0.0,1.12,C2
8.55,0.0,0.0,C0
3.17,8.36,1.03,C1
4.02,0.0,1.63,C0
6.75,0.0,2.93,C0
3.26,0.0,4.17,C2
1.11,0.08,0.0,C1
18.25,0.0,0.0,C0
7.28,0.0,0.31,C0
5.72,6.9,6.37,C1
21.01,4.13,3.07,C1
2.81,54.0,1.58,C1
3.45,0.0,1.02,C2
2.63,11.02,1.35,C1
4.14,4.24,2.98,C1
7.17,0.0,0.0,C0
8.52,0.0,3.73,C1
0.3,0.0,0.0,C1
7.76,0.0,3.93,C0
4.6,0.0,0.96,C2
18.7,6.49,10.33,C1
22.32,0.0,5.15,C1
4.14,22.65,6.44,C2
1.79,7.0,4.13,C1
2.54,25.31,1.53,C1
23.55,0.0,5.3,C2
17.21,0.0,0.7,C0
4.13,8.86,1.53,C1
19.79,0.0,0.0,C0
5.26,16.5,1.43,C1
0.0,0.0,0.0,C0
15.18,0.0,4.48,C0
4.05,8.21,2.9,C2
14.78,0.0,0.0,C0
4.24,0.0,0.78,C1
2.07,0.0,0.84,C1
2.77,26.47,0.74,C1
5.39,6.38,2.21,C1
4.01,4.42,1.44,C1
2.39,9.5,2.8,C1
10.64,0.0,0.0,C0
6.87,0.0,7.98,C0
11.34,1.6,2.23,C2
18.3,0.0,0.45,C0
12.55,0.0,0.0,C0
4.07,0.0,2.29,C2
4.21,16.13,2.31,C1
5.38,17.24,5.86,C2
3.84,8.57,1.47,C1
4.07,6.72,1.5,C1
3.86,0.0,1.06,C1
3.67,0.0,0.0,C0
10.88,0.0,0.0,C0
12.53,0.0,2.31,C2
19.48,0.0,1.33,C2
4.01,6.27,1.5,C1
2.87,18.78,0.79,C1
15.31,2.26,1.08,C1
4.18,22.81,5.32,C1
14.21,0.0,0.0,C0
9.72,69.59,8.29,C1
2.68,10.78,2.26,C1
31.21,25.58,16.57,C2
4.09,0.0,0.0,C0
19.1,0.0,0.0,C0
5.51,2.2,2.87,C1
8.93,8.85,5.46,C1
11.25,16.42,4.7,C1
10.26,0.0,0.93,C0
4.9,15.19,2.25,C2
25.9,1.74,7.31,C1
16.73,0.0,0.0,C0
12.95,0.0,2.48,C2
4.98,0.0,0.0,C0
4.29,0.0,1.56,C1
12.03,1.92,0.75,C1
12.47,0.0,0.0,C0
3.84,0.0,0.0,C0
15.02,17.57,3.05,C1
12.58,7.09,3.2,C1
25.57,0.0,2.49,C0
2.81,22.53,1.54,C1
16.46,2.09,12.96,C2
13.1,22.5,1.44,C1
7.56,0.0,0.52,C2
33.9,2.1,0.71,C1
17.52,0.0,0.75,C0
2.82,31.81,2.33,C1
12.16,0.0,2.95,C0
2.66,6.45,0.73,C1
5.4,15.0,3.01,C2
3.13,23.26,2.46,C1
21.9,24.09,3.69,C1
11.37,27.33,3.84,C1
4.45,0.0,5.36,C2
14.13,10.31,4.03,C1
9.74,0.0,0.3,C0
2.26,13.75,2.8,C2
4.15,8.62,0.74,C1
13.27,0.0,0.78,C0
17.37,0.0,0.69,C2
45.42,0.0,10.34,C2
28.42,0.0,0.8,C0
18.08,3.33,7.15,C1
6.36,5.02,4.73,C2
7.14,0.0,7.82,C1
2.84,36.57,8.63,C2
4.1,8.59,2.27,C1
3.8,1.84,2.21,C2
14.08,0.0,3.28,C2
11.37,0.0,1.84,C0
12.07,0.0,2.93,C2
6.38,0.0,1.33,C2
5.09,17.92,5.18,C1
7.1,20.51,2.67,C1
4.19,2.2,2.31,C1
2.74,15.55,1.3,C1
2.65,48.97,3.73,C2
3.59,0.0,0.0,C0
9.69,0.0,0.0,C0
9.46,0.0,0.0,C0
10.52,0.0,2.19,C1
2.46,7.1,1.16,C1
4.15,0.0,1.6,C1
4.72,11.24,2.2,C1
2.81,0.0,1.52,C2
43.03,0.0,2.33,C2
2.83,17.99,3.92,C1
16.36,0.0,0.0,C2
8.35,18.32,2.36,C0
2.42,0.0,0.0,C0
2.77,4.25,2.93,C2
38.41,0.0,1.56,C0
25.74,0.0,0.57,C2
4.18,35.79,9.88,C2
27.32,7.93,6.89,C1
10.67,0.0,1.52,C0
14.63,7.55,1.71,C1
8.42,8.48,10.24,C1
7.26,0.0,0.0,C0
9.54,0.0,0.0,C0
1.89,0.0,0.0,C2
14.86,0.0,2.29,C2
4.83,2.17,3.21,C1
4.19,24.7,4.67,C1
17.5,0.0,0.0,C0
4.04,8.01,3.12,C1
2.81,89.86,15.7,C2
15.23,15.44,1.33,C1
3.93,2.09,2.1,C1
4.13,4.31,0.77,C1
19.61,0.0,0.0,C0
20.52,0.0,12.98,C1
16.48,4.46,4.65,C1
4.24,24.74,2.3,C1
34.37,30.42,23.31,C1
21.71,0.0,0.77,C2
25.53,25.5,2.47,C1
31.86,45.1,1.52,C1
21.03,40.83,2.08,C2
10.0,0.0,0.0,C0
21.15,2.14,1.59,C1
15.85,0.0,6.4,C2
21.09,21.92,6.61,C1
40.79,2.24,3.04,C1
8.18,0.0,0.0,C0
3.93,0.0,1.74,C2
15.87,0.0,0.7,C0
9.87,15.41,16.29,C2
29.01,0.0,3.61,C0
22.45,0.0,0.73,C0
10.6,0.0,0.0,C0
2.44,32.46,4.24,C1
9.16,0.0,0.0,C0
11.54,0.0,0.0,C0
2.48,48.15,1.39,C1
4.25,41.25,1.57,C1
34.51,0.0,9.36,C0
4.19,2.35,3.68,C1
16.81,0.0,0.0,C0
4.22,2.23,6.16,C0
4.24,0.0,5.43,C2
1.36,0.0,0.0,C0
16.61,0.0,1.52,C1
22.47,0.0,0.0,C0
6.52,25.78,7.56,C2
4.14,31.98,1.55,C2
11.99,0.0,0.0,C0
3.56,31.18,6.07,C1
40.54,11.45,3.76,C1
3.77,10.54,3.52,C1
15.49,0.0,0.0,C0
4.16,0.0,1.5,C2
3.71,0.0,1.46,C0
6.67,0.0,1.93,C2
2.7,17.32,1.52,C1
11.97,0.0,0.0,C0
5.59,0.0,3.79,C1
5.62,0.0,3.58,C2
2.36,8.2,4.42,C2
8.58,0.0,0.0,C0
9.75,1.62,1.53,C1
16.63,0.0,0.0,C0
2.16,2.13,0.19,C1
5.72,0.0,2.31,C2
5.47,13.52,1.51,C2
4.19,0.0,0.0,C0
4.76,4.22,1.4,C1
5.18,0.0,0.0,C0
1.37,0.0,0.01,C1
4.28,15.98,1.54,C1
8.67,0.0,0.0,C0
2.48,5.92,1.42,C1
3.24,0.0,0.96,C1
10.02,0.0,0.0,C0
5.49,4.53,0.79,C1
13.42,0.0,0.56,C0
5.63,6.78,1.54,C1
2.83,17.02,1.58,C1
16.15,0.0,0.0,C0
12.94,0.0,0.0,C0
14.76,0.0,0.68,C2
4.07,10.62,1.48,C2
2.82,16.33,1.57,C1
9.05,10.17,5.63,C1
5.64,2.3,6.14,C1
9.5,15.28,10.8,C1
2.82,9.29,1.57,C1
2.77,13.27,0.79,C1
15.42,0.0,1.22,C0
21.27,0.0,1.56,C2
15.01,7.12,4.92,C1
7.84,6.32,0.67,C1
4.23,4.59,2.38,C1
13.28,4.41,2.21,C1
21.24,0.0,0.0,C2
4.23,22.31,6.96,C0
4.13,8.91,0.79,C1
11.17,9.0,2.37,C1
2.37,0.0,3.66,C1
9.81,0.0,0.0,C0
12.41,0.0,0.0,C0
59.55,0.0,0.0,C0
5.58,14.0,1.58,C1
11.35,2.04,0.51,C2
2.81,0.0,3.07,C1
2.66,0.0,0.0,C0
13.81,33.89,1.47,C1
4.44,17.72,11.15,C2
6.36,0.0,0.0,C2
19.21,0.0,1.53,C0
5.18,0.0,3.75,C0
3.96,26.46,3.08,C1
9.66,9.06,2.78,C1
2.69,3.89,4.59,C1
17.03,0.0,0.0,C0
20.6,2.0,0.7,C1
15.86,0.0,0.0,C0
2.79,1.82,1.51,C1
10.04,18.69,3.5,C2
4.23,16.18,1.48,C1
5.43,0.0,2.23,C2
8.84,2.02,1.4,C1
4.98,8.62,1.49,C1
3.55,0.0,2.02,C2
2.82,2.06,2.35,C1
19.04,0.0,0.74,C0
4.02,0.0,0.0,C0
9.12,10.33,0.73,C1
4.28,11.79,0.79,C1
12.68,0.0,0.7,C0
12.88,0.0,3.18,C0
9.24,2.24,2.29,C1
9.98,0.0,0.0,C0
12.22,0.0,9.18,C2
4.14,12.87,5.21,C1
4.67,0.0,1.67,C2
4.15,2.32,3.09,C1
4.2,27.45,7.8,C0
2.62,17.78,2.66,C1
5.79,54.98,1.59,C1
4.05,15.65,1.56,C1
8.79,0.0,1.35,C0
5.71,23.44,14.37,C1
5.66,0.0,1.55,C1
11.92,0.0,0.0,C0
8.53,15.7,5.42,C1
2.81,37.2,5.49,C2
8.99,39.01,11.27,C1
19.44,0.0,0.0,C0
4.16,27.46,3.09,C1
6.08,0.0,0.0,C0
4.14,18.32,2.33,C1
3.81,0.0,3.85,C2
13.69,0.0,0.0,C0
2.69,4.16,0.65,C2
4.14,10.8,3.02,C1
4.94,6.25,3.7,C1
6.75,0.0,0.0,C2
18.1,15.27,1.43,C1
21.04,0.0,0.78,C2
13.66,0.0,2.77,C2
3.58,0.3,0.42,C1
1.92,13.94,7.48,C1
4.05,0.0,0.68,C2
4.28,0.0,3.14,C1
4.22,7.0,0.8,C1
4.12,48.69,6.83,C0
12.25,3.98,3.36,C1
30.16,0.0,2.28,C0
15.71,0.0,0.0,C0
40.73,35.01,3.67,C1
2.66,8.39,0.73,C1
6.75,19.41,6.73,C1
19.6,0.0,3.15,C0
27.19,0.0,2.41,C2
18.65,0.0,2.3,C0
4.21,60.82,3.87,C2
1.26,0.0,0.0,C0
7.27,1.38,2.46,C1
11.5,0.0,0.0,C0
20.27,10.26,1.44,C1
19.8,0.0,1.54,C1
4.26,11.21,0.79,C1
18.41,0.0,0.0,C2
7.41,0.0,0.0,C0
5.39,16.58,2.28,C1
3.97,0.0,1.45,C1
9.42,0.0,18.3,C1
8.26,2.18,4.2,C1
18.35,2.25,16.26,C1
16.57,12.56,1.51,C1
2.81,65.29,11.04,C2
4.81,0.0,0.0,C0
13.29,0.0,1.4,C0
3.9,0.0,0.51,C0
8.21,1.76,1.9,C2
4.33,0.0,0.0,C2
11.34,0.0,0.8,C2
10.99,11.21,5.28,C1
9.85,0.0,0.0,C0
2.78,12.44,2.09,C1
23.48,0.0,2.88,C2
4.17,4.19,1.41,C1
5.63,19.66,4.43,C2
7.04,3.84,2.38,C1
5.21,45.47,2.88,C1
2.07,12.39,2.28,C1
2.85,20.8,1.56,C1
4.26,9.18,3.15,C1
13.5,0.0,4.18,C0
2.73,13.92,0.79,C1
2.58,6.18,1.51,C1
9.97,0.0,1.59,C2
5.61,27.98,1.6,C1
2.68,33.07,0.72,C1
2.79,0.0,3.13,C2
25.48,0.0,0.79,C0
2.68,6.55,2.27,C1
3.68,8.86,3.83,C1
25.16,0.0,0.72,C0
4.12,0.0,0.76,C1
3.72,14.5,2.71,C1
10.68,6.1,1.45,C1
3.93,0.0,0.0,C0
4.24,0.0,0.0,C2
4.26,9.23,0.79,C1
12.78,4.71,6.36,C1
9.38,0.0,2.92,C1
4.3,4.68,4.79,C1
16.84,11.68,1.55,C1
13.5,0.0,2.22,C2
8.62,0.0,0.67,C2
8.63,4.73,12.77,C2
5.53,17.99,2.32,C1
9.15,0.0,3.96,C2
3.84,1.95,1.99,C1
15.26,2.1,3.1,C1
4.18,11.03,1.51,C1
2.8,30.4,1.57,C1
7.33,25.74,1.37,C1
5.55,0.0,5.33,C2
7.04,0.0,0.0,C0
14.22,0.0,0.73,C2
9.67,0.0,1.88,C0
11.85,0.0,1.99,C0
5.13,22.72,3.81,C1
17.77,0.0,0.0,C0
9.1,0.0,3.83,C2
2.49,10.41,1.31,C1
2.56,5.39,1.63,C1
23.98,0.0,4.7,C0
3.95,13.15,1.45,C1
5.67,0.92,1.82,C2
12.67,0.0,0.64,C1
2.58,22.65,3.68,C1
13.22,0.0,0.53,C0
16.32,3.8,1.47,C1
13.85,15.83,6.97,C1
11.88,2.14,2.35,C1
2.72,11.97,1.39,C1
2.86,0.0,5.54,C2
7.83,3.81,2.17,C1
9.13,24.46,0.66,C1
4.24,4.62,3.94,C2
5.57,0.0,4.63,C2
4.14,34.4,4.58,C2
24.61,0.0,4.59,C0
9.62,4.23,2.16,C1
2.54,1.99,0.67,C1
2.75,8.35,1.47,C1
4.93,0.0,1.4,C0
4.22,43.14,3.03,C1
19.74,0.0,2.4,C0
2.72,11.48,0.74,C1
5.53,4.47,6.16,C2
23.75,58.54,1.54,C1
11.31,16.05,2.68,C1
6.81,0.0,2.94,C0
3.84,53.52,3.36,C1
23.6,0.0,0.74,C0
2.33,0.0,0.0,C1
2.62,1.99,1.41,C1
2.71,79.97,18.6,C2
12.48,2.22,2.3,C2
2.79,90.42,1.59,C2
4.15,6.67,3.15,C1
4.77,0.0,1.78,C0
4.02,0.0,1.48,C1
28.76,6.28,16.28,C1
3.42,0.0,1.01,C0
8.5,0.0,0.0,C0
18.54,0.0,1.28,C0
30.1,0.0,0.0,C0
9.04,24.48,11.69,C1
24.38,0.0,4.24,C0
4.21,21.85,4.56,C1
4.18,0.0,5.34,C1
5.64,13.71,1.55,C1
2.62,25.57,2.22,C1
2.51,7.58,1.97,C1
4.9,0.0,2.06,C1
13.66,8.92,1.54,C1
4.09,8.07,2.75,C1
3.98,9.89,2.07,C1
9.45,22.41,2.85,C1
11.23,0.0,0.0,C2
2.6,15.62,3.83,C1
31.47,0.0,0.62,C0
4.17,17.92,3.85,C2
13.63,0.0,8.33,C2
6.51,0.0,1.55,C1
12.17,0.0,0.74,C0
10.98,0.0,0.46,C2
3.95,11.01,1.51,C1
2.78,38.82,3.12,C2
16.05,0.0,1.33,C0
5.67,4.62,1.59,C1
2.55,3.75,2.03,C1
4.6,5.77,4.0,C1
4.23,0.0,2.73,C2
3.22,6.05,2.69,C1
2.56,61.95,1.54,C2
3.45,2.53,2.31,C1
4.16,0.0,0.0,C0
6.04,17.75,0.76,C1
6.63,0.0,2.29,C1
7.57,0.0,0.5,C0
3.7,8.17,2.79,C1
6.82,0.0,0.16,C0
21.02,0.0,2.1,C1
2.85,22.32,3.2,C1
14.39,0.0,1.22,C0
5.12,0.0,0.0,C0
20.59,0.0,14.62,C2
1.8,1.61,0.51,C1
6.69,0.0,1.1,C2
7.38,0.0,0.0,C0
2.8,0.0,1.5,C1
5.69,16.46,3.19,C1
13.33,0.0,0.68,C0
7.03,0.0,0.63,C2
6.09,0.0,0.0,C0
14.32,13.09,1.42,C1
12.34,8.51,1.41,C1
4.19,26.81,3.05,C1
18.62,0.0,4.0,C0
12.11,0.0,0.0,C0
5.48,22.56,1.54,C1
4.18,15.74,0.77,C1
1.45,10.69,3.74,C1
2.53,0.0,2.42,C2
9.85,0.0,0.0,C0
5.54,42.45,4.58,C0
15.64,59.4,32.17,C1
6.81,0.0,0.77,C0
8.22,2.23,3.06,C1
4.67,0.0,1.33,C1
6.45,0.0,1.33,C1
4.11,0.0,0.76,C2
4.78,8.89,3.82,C1
2.67,2.17,3.08,C1
10.61,0.0,1.3,C2
2.6,15.15,0.71,C1
5.53,2.21,1.52,C2
5.44,4.41,9.81,C1
2.82,4.6,6.29,C2
6.91,0.0,0.0,C0
4.94,23.1,2.48,C1
15.34,25.17,0.76,C1
21.07,6.24,6.27,C2
2.73,24.99,1.53,C1
19.52,6.81,8.65,C1
31.17,0.0,7.53,C2
2.48,37.77,1.23,C1
2.29,0.0,1.24,C1
17.23,1.59,1.25,C1
38.34,6.15,3.69,C0
2.75,35.85,0.75,C1
12.71,0.0,0.0,C0
16.35,0.0,0.0,C0
7.14,0.0,5.52,C2
2.79,15.49,1.51,C1
2.5,21.93,2.45,C1
4.88,0.0,3.36,C2
31.12,0.94,5.85,C1
3.67,0.0,0.0,C0
8.91,4.34,1.25,C1
6.66,49.3,9.78,C1
2.55,7.97,12.6,C1
3.98,1.67,1.41,C1
9.66,0.0,5.34,C0
4.15,25.34,0.79,C1
3.78,0.0,0.7,C2
9.76,0.0,0.71,C1
5.24,8.8,2.25,C1
2.56,5.97,2.06,C1
12.55,0.0,1.45,C1
11.1,19.95,3.87,C1
28.64,12.64,2.19,C1
18.22,0.0,8.41,C2
11.21,5.77,2.13,C1
5.16,2.31,1.26,C1
5.03,0.0,0.77,C0
5.14,11.75,2.07,C1
5.3,0.0,3.79,C2
2.56,3.95,1.36,C1
4.21,29.29,0.76,C1
20.85,0.0,0.78,C2
16.83,0.0,0.0,C0
2.82,2.35,1.6,C1
2.82,0.0,3.93,C1
2.34,0.0,0.0,C0
11.07,17.96,6.18,C1
9.3,0.0,0.73,C0
8.26,0.0,0.0,C0
0.92,0.01,0.0,C1
29.1,0.0,0.77,C0
17.31,28.71,8.43,C1
6.73,0.0,1.94,C0
9.65,83.91,17.98,C1
12.61,0.0,1.56,C0
16.46,0.0,17.85,C2
11.21,67.45,61.52,C1
8.53,0.0,2.59,C2
4.21,14.06,1.57,C1
3.99,0.0,3.62,C2
4.05,4.05,1.36,C1
14.29,11.69,2.07,C1
4.07,10.02,1.49,C1
2.38,34.83,4.51,C2
6.41,2.38,4.76,C0
4.73,15.98,3.23,C1
5.4,0.0,4.85,C2
4.01,0.0,1.51,C1
7.34,0.4,1.06,C0
4.14,0.0,0.0,C2
13.19,0.0,3.57,C2
44.46,13.82,5.58,C0
4.15,0.0,4.6,C1
15.08,11.67,31.3,C1
6.91,2.09,4.88,C2
10.67,1.89,1.43,C1
9.37,1.37,4.99,C1
6.15,23.32,6.44,C2
12.64,0.0,0.0,C0
5.35,0.0,11.69,C2
1.95,4.22,10.96,C0
7.01,13.72,3.83,C1
12.0,0.0,0.0,C0
7.88,0.0,0.69,C0
4.06,8.68,1.82,C1
1.62,12.57,2.26,C1
7.27,0.0,1.04,C2
2.77,6.63,5.21,C1
8.52,0.0,2.17,C1
5.66,0.0,0.79,C0
8.82,0.0,1.36,C2
6.77,6.58,0.74,C1
4.5,2.13,2.35,C1
2.54,40.36,4.38,C1
36.7,1.83,1.45,C1
21.69,40.0,1.46,C2
6.77,0.0,0.0,C0
17.88,0.0,0.0,C0
14.95,0.0,0.0,C0
16.28,0.0,0.0,C0
10.84,0.0,0.0,C0
4.1,2.17,2.07,C2
12.89,0.0,0.0,C0
7.51,1.88,3.72,C2
6.25,0.0,1.97,C2
8.57,19.84,5.15,C1
13.85,0.0,8.81,C1
2.82,80.95,2.34,C2
2.8,0.0,0.0,C2
27.96,32.75,3.71,C2
22.15,4.56,1.51,C1
5.48,4.97,5.24,C2
5.8,4.61,1.61,C1
6.75,0.0,0.4,C2
2.85,9.25,0.78,C1
6.3,2.8,1.59,C1
2.78,0.0,1.54,C1
10.9,0.0,0.0,C0
17.99,25.45,2.2,C1
5.41,0.0,0.76,C0
12.02,0.0,0.0,C0
12.44,0.0,0.0,C0
12.31,1.71,0.7,C0
12.71,0.0,0.68,C2
5.95,0.0,0.74,C0
12.42,11.38,0.77,C1
31.47,63.15,11.08,C1
2.5,36.68,1.44,C1
17.11,0.0,0.0,C0
16.24,15.62,1.89,C1
13.71,11.92,1.4,C1
6.89,0.0,1.1,C2
2.77,4.45,1.09,C1
13.79,0.0,6.08,C0
10.67,5.95,3.13,C1
12.36,0.0,1.54,C0
2.85,16.51,1.59,C1
4.19,6.36,1.53,C1
5.34,1.94,5.61,C1
5.41,63.66,0.78,C1
10.02,0.0,0.0,C0
6.25,0.0,0.64,C0
14.66,29.62,17.39,C1
6.68,12.46,0.73,C1
2.8,0.0,1.36,C1
2.5,18.08,1.36,C1
10.0,1.85,2.68,C2
7.05,0.0,3.88,C2
3.98,19.38,0.75,C1
1.65,21.14,3.81,C1
9.26,2.35,6.37,C1
32.31,2.15,1.51,C1
3.97,2.21,0.73,C2
14.04,0.0,3.02,C0
8.43,0.0,0.77,C0
17.71,0.0,0.75,C0
2.52,0.0,3.73,C2
8.24,25.84,1.65,C0
5.48,0.0,3.07,C2
5.23,1.87,3.05,C1
12.35,0.0,0.0,C0
3.87,19.57,2.28,C2
4.47,0.0,1.72,C2
17.28,0.0,5.9,C2
6.46,0.0,0.0,C0
10.63,0.0,1.71,C0
3.98,42.19,5.96,C2
1.48,0.0,0.0,C0
2.83,8.76,3.01,C1
18.0,0.0,7.82,C2
18.46,14.1,11.87,C1
18.17,0.0,1.55,C0
4.24,28.19,0.79,C1
7.75,20.06,5.35,C1
12.56,0.0,0.0,C2
4.17,0.0,2.25,C2
2.67,4.26,2.24,C1
4.11,8.9,1.54,C1
2.71,5.59,1.35,C1
26.69,0.0,1.55,C2
24.96,63.18,3.65,C1
5.72,16.42,4.84,C2
4.1,13.29,0.75,C1
12.71,0.0,0.0,C0
14.11,0.0,1.53,C1
13.13,3.93,1.37,C0
4.22,40.77,0.77,C1
2.73,13.11,0.76,C1
19.23,0.0,0.0,C0
2.64,26.81,1.23,C1
10.03,0.0,0.0,C0
26.56,0.0,0.0,C0
7.53,74.86,4.32,C0
2.63,26.15,2.26,C1
2.72,8.98,2.32,C1
5.46,14.42,1.48,C1
7.05,0.0,1.28,C0
10.77,7.4,6.59,C2
5.69,6.77,1.59,C1
14.9,0.0,0.0,C0
5.43,10.35,1.48,C1
4.9,0.0,1.22,C2
4.17,31.04,5.17,C1
5.55,16.33,0.8,C1
5.7,4.67,4.73,C1
5.6,2.2,7.34,C2
28.24,0.0,31.64,C2
11.96,0.0,0.78,C0
4.23,15.88,1.56,C1
2.74,10.03,2.14,C1
4.24,13.81,1.54,C1
5.79,23.61,2.37,C1
19.84,0.0,0.69,C0
3.77,6.75,1.44,C1
2.61,4.0,1.31,C1
2.41,43.21,1.4,C1
23.91,23.8,1.37,C1
4.18,51.51,3.88,C1
18.4,0.0,10.64,C1
2.84,4.66,1.58,C1
7.6,0.0,0.0,C0
6.67,0.0,1.17,C1
10.71,4.09,1.42,C0
2.18,14.72,1.32,C1
8.02,0.0,2.32,C0
2.56,2.02,2.28,C1
9.49,4.11,3.6,C1
5.3,0.0,1.33,C2
3.97,0.0,1.16,C1
2.78,19.94,1.39,C1
20.51,2.23,1.4,C2
9.55,0.0,0.78,C2
2.73,8.88,3.04,C1
32.0,67.19,8.97,C2
5.57,0.0,0.94,C2
2.5,3.53,0.65,C1
4.48,15.06,1.54,C1
4.05,3.89,8.72,C2
29.8,0.0,3.17,C1
8.6,0.0,0.0,C0
4.12,34.92,0.71,C1
4.23,18.23,1.57,C1
4.23,11.65,1.57,C1
4.31,23.27,0.79,C1
4.09,4.35,6.14,C1
2.81,6.64,2.33,C1
24.86,0.0,4.6,C2
0.84,12.38,0.22,C1
12.29,0.0,0.74,C2
18.76,0.0,0.0,C0
8.88,0.0,0.0,C0
2.72,7.68,1.38,C1
9.67,0.0,0.0,C0
5.63,0.0,8.64,C2
4.45,0.0,0.0,C0
2.76,31.71,1.49,C1
2.67,6.78,2.28,C1
15.67,0.0,0.0,C0
4.29,27.72,8.77,C1
2.38,10.83,0.61,C1
4.13,15.78,2.3,C1
9.0,6.02,8.16,C1
2.17,0.0,0.0,C0
17.81,0.0,0.4,C0
4.06,11.11,3.14,C1
15.77,4.12,12.11,C1
4.87,0.0,2.43,C2
5.58,6.88,1.56,C1
12.32,2.19,1.47,C2
35.14,29.55,35.22,C1
13.69,0.0,0.76,C0
9.53,1.79,1.89,C2
6.55,2.1,2.87,C1
10.92,4.79,3.58,C2
12.05,0.0,0.78,C2
10.27,0.0,0.0,C0
5.42,0.0,0.0,C0
14.23,0.0,0.0,C0
18.59,0.0,4.81,C2
2.58,4.5,0.75,C1
5.36,1.74,0.73,C1
3.91,1.51,1.91,C2
17.14,0.0,0.8,C0
8.62,0.0,1.23,C1
17.45,0.0,1.81,C2
14.09,0.0,0.0,C0
4.52,29.7,1.16,C1
4.13,0.0,2.35,C0
14.7,0.0,7.44,C0
2.34,1.73,1.24,C1
18.02,0.0,0.0,C0
3.92,0.0,0.99,C0
4.17,0.0,0.55,C2
17.11,0.0,0.0,C0
11.3,0.0,0.0,C0
28.27,0.0,4.52,C2
9.16,0.0,12.29,C1
36.42,4.66,18.09,C0
16.6,14.67,1.49,C1
3.87,0.0,0.71,C2
5.44,0.0,0.0,C0
2.63,0.0,1.46,C2
8.46,6.64,1.54,C1
5.61,8.71,0.78,C1
18.19,2.17,5.39,C0
7.35,6.17,0.73,C0
5.95,7.43,2.13,C2
6.5,6.31,3.74,C2
2.58,33.65,3.84,C2
33.9,13.51,0.76,C1
41.03,0.0,0.77,C0
3.13,0.0,1.67,C2
5.16,0.0,2.25,C2
5.45,0.0,1.56,C2
13.67,0.0,0.0,C0
4.13,11.11,1.47,C1
27.37,1.94,6.95,C1
14.03,0.0,1.03,C0
9.13,31.92,5.79,C2
12.39,4.36,1.53,C1
16.98,0.0,0.0,C0
9.61,0.0,2.24,C2
4.08,10.18,2.23,C1
20.9,0.0,0.0,C2
4.21,64.82,10.22,C1
13.58,0.0,8.93,C2
9.25,0.0,3.49,C2
12.65,0.0,1.5,C2
8.6,0.0,1.5,C2
6.59,1.74,1.98,C1
2.64,0.0,0.0,C0
2.76,45.2,0.74,C1
14.53,0.0,3.91,C2
27.43,0.0,0.0,C0
40.09,13.92,2.36,C1
24.51,0.0,1.21,C0
15.42,0.0,0.0,C0
5.56,0.0,5.51,C2
8.61,3.57,3.08,C1
1.75,0.0,0.0,C0
4.21,0.0,7.76,C2
18.12,14.86,1.46,C1
17.5,2.23,1.49,C1
10.77,4.13,7.84,C1
16.26,4.67,6.03,C1
8.86,0.0,0.0,C0
1.44,55.66,1.89,C1
9.48,0.0,0.7,C2
4.22,4.65,9.36,C2
12.29,0.0,1.3,C2
12.89,0.0,0.0,C0
9.53,0.0,1.4,C2
11.22,21.2,7.93,C1
8.74,0.0,0.0,C0
12.02,13.77,1.93,C1
17.68,0.0,0.0,C0
5.5,0.0,0.74,C0
15.72,13.06,8.8,C2
3.98,0.0,1.45,C1
4.19,0.0,0.69,C2
4.09,0.0,0.7,C1
13.73,0.0,0.0,C0
10.13,0.0,0.0,C0
5.74,0.0,8.73,C1
3.63,3.37,2.6,C1
5.17,12.79,1.49,C1
20.37,2.3,3.93,C2
13.28,1.68,1.28,C1
21.23,0.0,0.0,C0
13.72,0.0,0.0,C0
4.31,6.9,3.21,C1
3.66,5.85,1.4,C1
9.43,0.0,2.03,C2
13.78,0.0,0.4,C0
2.75,2.3,3.82,C1
3.52,0.0,2.39,C2
8.55,4.65,11.03,C1
19.46,0.0,5.2,C0
2.72,35.69,1.54,C1
9.31,0.0,0.71,C2
2.72,10.7,1.43,C1
0.72,7.4,0.63,C1
2.8,2.27,3.09,C1
2.84,23.58,0.79,C1
19.84,0.0,6.9,C2
7.81,0.0,0.0,C2
5.46,11.43,1.57,C1
4.1,35.56,1.53,C1
13.69,0.0,0.0,C0
5.54,0.0,1.57,C1
5.52,0.0,1.58,C1
7.55,16.72,9.33,C1
8.11,29.03,2.3,C2
2.01,0.39,1.3,C1
14.34,0.0,0.0,C0
6.91,0.0,3.1,C2
25.54,14.03,2.92,C1
28.26,0.0,2.94,C1
4.16,39.93,1.5,C1
15.74,0.0,0.0,C2
7.66,17.32,7.44,C2
4.91,0.0,0.0,C2
24.1,22.48,1.53,C0
6.07,0.0,0.0,C0
9.22,0.0,0.0,C2
2.44,9.82,0.68,C1
16.96,2.27,3.88,C1
9.87,0.0,0.0,C0
2.82,6.46,1.44,C1
21.32,0.0,0.0,C0
13.09,27.28,1.97,C2
13.46,0.0,0.0,C0
4.31,2.06,3.85,C1
5.43,2.24,2.26,C1
24.03,0.0,7.76,C2
8.85,0.0,2.33,C0
2.75,0.0,0.74,C0
3.22,0.0,0.0,C0
5.28,0.0,1.35,C1
9.4,0.0,0.0,C2
12.94,0.0,0.0,C0
5.27,6.48,0.74,C1
0.0,9.4,0.15,C1
9.56,33.48,0.71,C1
5.49,0.0,0.75,C1
12.9,0.0,0.79,C0
4.09,0.0,0.76,C2
32.52,4.72,4.74,C1
0.27,0.0,1.5,C2
8.5,33.85,2.31,C1
11.52,0.0,0.0,C0
5.37,4.1,1.51,C1
6.92,7.54,2.74,C1
2.7,4.28,1.5,C1
12.37,2.11,1.12,C1
2.76,0.0,0.0,C2
6.75,0.88,0.38,C2
2.7,13.38,1.45,C1
8.44,11.06,3.89,C1
15.87,0.0,21.15,C2
13.47,17.36,1.47,C1
15.58,0.0,0.0,C0
13.7,0.0,5.26,C0
7.61,0.0,4.13,C2
5.11,0.0,4.19,C2
16.31,0.0,0.0,C0
9.13,24.57,1.48,C1
10.19,0.0,0.73,C0
8.17,20.13,1.43,C1
17.71,0.0,3.22,C1
2.33,16.11,1.36,C1
14.88,0.0,1.53,C0
19.82,0.0,5.83,C2
8.24,6.86,2.3,C1
13.33,0.0,0.0,C0
5.59,0.0,4.67,C1
4.16,2.23,0.74,C1
29.97,6.9,2.11,C1
17.69,0.0,0.0,C0
4.11,17.87,23.96,C1
4.11,2.31,3.06,C2
2.78,8.79,0.74,C1
4.23,36.65,1.53,C1
19.48,0.0,0.0,C2
3.97,0.0,3.31,C2
7.31,3.0,3.54,C1
2.35,0.0,0.0,C0
4.95,4.34,2.04,C1
6.94,37.38,4.65,C0
7.96,19.81,1.3,C1
28.9,2.17,2.16,C1
5.16,0.0,0.0,C0
5.62,9.14,1.55,C1
2.88,35.04,2.38,C1
23.79,3.33,5.56,C1
3.58,6.35,0.73,C1
6.89,45.42,4.63,C1
35.14,29.55,35.22,C1
3.96,30.73,3.07,C1
2.69,6.28,2.52,C1
9.86,0.0,0.72,C2
23.82,0.0,6.16,C1
8.9,8.68,2.87,C1
16.46,0.0,0.0,C0
6.48,0.0,0.0,C0
16.39,8.98,1.55,C1
2.77,0.0,5.7,C2
12.53,0.0,0.79,C2
5.7,0.0,0.8,C0
4.27,18.53,0.78,C1
6.68,6.09,2.16,C1
24.27,19.84,0.76,C1
8.88,0.0,0.0,C0
12.79,6.69,5.61,C2
4.57,0.0,1.95,C2
2.43,36.08,4.18,C1
24.99,0.0,0.0,C0
2.15,22.11,1.3,C1
8.48,0.0,0.0,C0
5.74,0.0,0.0,C0
4.06,2.29,2.3,C2
3.8,2.03,5.03,C1
4.09,4.3,5.28,C2
13.95,8.24,3.03,C1
5.32,0.0,0.76,C2
9.02,0.0,0.0,C0
8.56,31.39,0.78,C2
8.19,13.36,2.29,C1
2.83,0.0,5.41,C2
9.68,0.0,0.0,C0
8.58,0.0,1.24,C2
3.92,0.0,0.0,C0
7.82,0.0,0.0,C2
24.3,0.0,16.73,C2
6.13,0.0,1.38,C2
3.82,2.19,2.85,C2
9.08,0.0,0.0,C0
4.08,0.0,0.78,C2
17.44,0.0,11.75,C2
15.32,0.0,0.77,C0
5.68,0.0,0.0,C2
3.01,23.23,0.93,C1
19.48,0.0,0.0,C0
3.99,20.13,1.47,C1
36.08,8.97,2.29,C1
47.71,0.0,0.0,C0
11.02,0.0,2.32,C0
2.45,5.1,1.33,C1
5.66,0.0,2.95,C1
6.49,0.0,0.0,C0
12.13,0.0,0.0,C2
4.13,0.0,2.26,C2
15.75,0.0,0.0,C0
16.46,0.0,0.76,C0
19.81,32.36,3.07,C0
4.04,0.0,5.31,C2
16.85,0.0,0.0,C0
10.41,4.68,2.22,C1
5.45,0.0,0.0,C0
2.68,2.26,3.81,C2
4.21,11.4,2.34,C1
5.15,0.0,2.97,C2
3.95,8.83,1.45,C1
3.89,0.0,3.59,C2
2.75,0.0,0.0,C0
6.9,0.0,5.22,C1
16.97,0.0,0.48,C0
8.8,0.0,1.62,C2
3.37,0.0,0.0,C0
16.61,7.5,2.02,C1
9.18,0.0,0.0,C0
2.82,10.6,0.78,C1
13.69,0.0,0.65,C0
4.15,6.87,0.76,C1
14.07,0.0,4.6,C2
7.11,0.0,0.0,C0
23.44,0.0,0.67,C0
9.82,11.29,10.72,C1
7.89,0.0,1.09,C2
38.53,27.85,26.19,C1
3.73,0.0,2.1,C1
2.39,3.88,1.34,C1
4.13,15.38,3.09,C2
2.13,0.0,2.49,C0
23.14,37.54,0.78,C1
9.35,0.0,0.0,C0
2.79,0.0,0.77,C1
11.37,0.0,0.0,C0
4.09,6.84,11.31,C1
39.47,6.72,4.45,C1
12.7,0.0,0.0,C0
3.08,0.13,0.01,C1
4.04,12.5,8.2,C1
20.88,0.0,0.62,C2
6.36,0.0,0.0,C0
3.88,12.45,1.38,C1
2.41,21.68,1.25,C1
12.65,0.0,3.74,C2
3.78,10.66,1.36,C1
17.15,0.0,3.12,C2
6.72,13.21,11.04,C1
2.75,12.45,1.43,C1
7.9,9.66,7.24,C1
4.15,0.0,4.38,C2
11.27,0.0,5.86,C0
15.74,0.0,1.56,C2
14.82,0.0,1.03,C0
19.33,5.93,2.87,C1
18.01,0.0,2.33,C2
22.51,0.0,0.0,C0
3.77,43.86,4.63,C1
3.87,0.0,3.42,C2
7.17,0.0,6.32,C2
4.17,11.51,0.77,C1
2.06,0.0,0.36,C0
13.8,1.8,0.69,C2
9.43,0.0,1.45,C1
15.29,0.0,6.33,C0
4.11,6.75,8.04,C1
4.3,11.72,1.57,C1
14.01,0.0,0.0,C0
46.79,0.0,0.67,C0
2.74,4.46,0.77,C1
5.85,0.0,0.0,C0
2.78,2.34,3.87,C2
4.9,1.57,1.14,C1
8.57,0.0,8.07,C0
2.76,10.11,0.74,C1
2.52,2.06,2.94,C1
18.94,10.67,1.48,C1
22.22,0.0,0.0,C2
13.66,0.0,0.0,C0
30.99,0.0,0.77,C0
7.81,0.0,0.0,C0
28.86,0.0,3.25,C2
15.26,11.61,1.46,C0
8.8,0.0,0.78,C2
8.36,4.62,12.52,C1
2.74,8.91,1.56,C1
4.39,21.09,5.61,C2
11.07,0.0,2.31,C2
15.26,0.0,0.74,C0
1.26,0.0,0.0,C0
11.48,6.62,1.48,C1
3.87,4.03,2.76,C2
6.31,0.0,0.53,C0
6.68,4.8,0.74,C1
12.38,57.51,1.57,C1
19.87,0.0,7.86,C2
5.32,31.43,1.5,C1
4.25,0.0,1.41,C1
33.32,14.59,2.76,C1
26.32,2.2,3.08,C2
4.22,2.26,1.55,C2
10.68,0.0,0.0,C0
5.55,25.49,3.92,C1
4.88,0.0,0.0,C0
13.83,6.47,20.15,C2
2.71,2.09,1.47,C1
7.07,6.71,8.65,C1
5.25,4.01,2.92,C2
13.27,0.0,0.61,C2
3.56,7.53,0.74,C1
2.85,37.47,14.34,C1
3.4,3.77,3.62,C2
12.05,16.4,1.41,C1
7.83,0.0,0.0,C0
12.18,1.75,2.75,C1
21.87,0.0,0.0,C2
37.51,0.0,1.51,C0
4.11,23.7,8.07,C1
2.84,2.2,1.54,C1
12.38,0.0,0.0,C0
9.43,0.0,1.46,C1
0.0,0.0,0.0,C0
9.26,0.0,2.2,C2
4.12,2.08,0.72,C2
5.62,0.0,0.0,C2
6.69,4.16,2.21,C1
21.95,0.0,1.36,C1
5.48,19.29,0.74,C1
4.07,32.0,2.97,C2
19.77,2.01,2.15,C2
35.0,0.0,0.0,C0
5.26,10.96,4.44,C2
2.72,49.33,1.51,C2
4.28,0.0,3.13,C2
17.23,0.0,0.78,C0
6.62,4.08,3.48,C1
5.63,2.32,6.34,C2
5.12,4.18,3.75,C1
11.1,3.3,1.18,C1
24.13,0.0,0.8,C2
12.37,0.0,0.0,C0
9.38,2.19,3.02,C1
17.51,0.0,1.05,C2
2.24,0.0,0.0,C2
6.52,0.0,0.0,C0
18.14,0.0,7.61,C0
2.74,0.0,0.0,C2
2.67,16.93,0.71,C1
5.42,4.44,3.01,C1
14.33,0.0,5.35,C2
4.24,13.76,0.8,C1
3.97,10.63,6.65,C0
3.25,0.0,0.0,C1
6.8,0.0,1.13,C2
5.5,4.35,0.69,C1
2.7,6.47,1.45,C1
3.79,65.96,1.46,C1
4.2,18.7,2.37,C1
23.26,0.0,7.65,C2
8.34,2.28,3.05,C1
30.75,0.0,0.67,C0
28.03,0.0,0.71,C0
33.88,20.51,3.81,C1
31.48,0.0,1.56,C0
10.63,0.0,0.0,C0
10.8,42.73,0.71,C2
3.92,33.73,3.69,C1
10.38,0.0,10.37,C2
17.27,0.0,0.0,C0
5.03,13.48,7.4,C1
9.66,11.56,7.7,C0
6.85,12.85,3.13,C1
2.37,57.96,1.39,C1
3.67,1.89,1.43,C1
2.73,15.3,1.45,C1
11.41,16.93,1.48,C1
8.53,0.0,1.94,C2
4.25,18.49,1.57,C1
30.4,0.0,2.94,C2
6.43,0.17,6.59,C1
19.65,0.0,0.0,C0
2.78,15.07,0.76,C1
9.75,2.31,2.38,C1
7.6,0.0,2.85,C2
10.17,0.0,0.0,C2
5.68,3.55,1.49,C1
5.48,16.57,3.01,C1
10.94,31.25,1.56,C1
17.69,0.0,7.61,C2
6.17,4.3,0.69,C2
2.27,0.0,0.0,C0
14.66,0.0,1.22,C0
4.02,17.94,1.48,C1
5.93,0.0,0.15,C0
2.83,0.0,0.68,C2
23.53,6.59,3.86,C2
4.0,0.0,0.0,C2
4.46,12.15,2.07,C1
2.51,0.0,0.0,C0
19.4,0.0,0.0,C0
24.07,0.0,6.56,C2
1.23,0.0,0.0,C0
6.56,0.0,7.87,C0
2.52,15.85,1.91,C1
11.09,0.0,0.0,C0
55.86,0.0,1.56,C2
22.25,22.61,8.32,C1
4.33,28.22,8.72,C2
2.59,9.06,1.34,C1
7.41,8.19,3.2,C1
4.28,28.63,0.8,C1
5.06,16.81,1.41,C1
9.27,0.0,1.5,C0
29.1,0.0,1.39,C0
11.02,0.0,0.0,C0
4.27,0.0,0.0,C0
8.54,20.84,7.84,C1
13.0,0.0,2.93,C2
31.21,0.0,0.76,C0
6.0,0.0,1.19,C2
0.5,0.0,0.0,C0
4.0,0.0,3.0,C2
21.7,0.0,0.0,C0
7.3,23.59,6.95,C1
20.76,0.0,0.66,C2
6.62,28.62,4.62,C2
6.92,0.0,0.0,C0
5.78,1.99,2.05,C1
4.86,1.88,2.6,C1
8.96,6.62,1.46,C1
15.74,4.57,2.21,C1
4.19,13.71,7.66,C1
3.17,0.42,1.64,C2
23.34,0.0,0.79,C2
12.23,19.39,1.36,C1
4.94,10.72,5.91,C1
5.77,0.0,0.66,C2
4.13,2.31,1.51,C1
2.74,36.95,0.73,C1
2.08,0.0,0.0,C0
1.22,0.0,0.0,C2
5.17,40.06,2.69,C1
7.79,0.0,0.0,C0
4.72,5.76,1.39,C1
12.26,4.17,1.5,C1
2.83,25.28,2.34,C1
20.83,0.0,0.0,C0
11.01,5.93,2.55,C2
4.16,2.11,1.56,C2
7.08,26.9,6.21,C1
7.13,2.36,16.66,C1
11.83,7.03,2.0,C1
5.49,0.0,5.99,C2
18.48,0.0,0.74,C0
5.0,0.0,2.04,C2
1.98,5.4,1.41,C1
10.86,0.0,0.64,C2
9.53,0.0,0.0,C0
11.82,6.51,2.09,C1
45.77,39.09,21.38,C1
16.84,16.76,6.6,C1
19.38,12.39,4.26,C0
3.93,6.0,1.38,C1
9.64,18.64,3.67,C2
2.81,0.0,1.44,C1
4.03,0.0,0.0,C0
5.66,0.0,3.98,C0
18.25,6.68,0.79,C1
2.81,0.0,1.45,C1
15.76,12.88,2.18,C1
16.6,0.0,6.08,C0
9.82,0.0,0.0,C2
2.52,0.0,0.56,C2
9.66,0.0,3.14,C1
22.1,0.0,1.89,C1
6.92,0.0,2.34,C2
2.56,20.08,1.52,C1
2.85,9.07,4.71,C1
6.35,0.0,0.0,C0
11.11,42.98,3.12,C2
4.89,4.11,3.49,C2
11.89,0.0,1.37,C0
25.98,0.0,5.92,C2
9.76,6.51,0.78,C1
9.01,13.32,0.76,C1
6.72,2.14,3.71,C1
3.81,7.15,0.54,C1
21.18,17.13,1.39,C1
58.58,0.0,0.74,C0
11.38,0.0,2.36,C2
15.41,0.0,3.9,C2
18.46,9.28,9.41,C2
4.21,24.38,0.79,C1
1.24,0.0,0.0,C0
5.18,3.79,2.77,C1
18.1,24.54,1.29,C1
8.73,0.0,2.59,C1
2.96,0.0,0.14,C2
5.49,2.3,0.76,C1
8.14,0.0,0.0,C0
2.68,2.06,1.35,C1
8.91,0.0,0.0,C0
25.01,0.0,0.0,C0
4.12,8.73,1.43,C1
10.19,0.0,0.4,C0
1.18,0.0,1.34,C2
14.04,0.0,0.64,C0
11.41,0.0,3.62,C2
4.78,7.12,1.98,C1
7.09,0.0,1.55,C1
6.78,0.0,0.0,C0
2.05,78.99,2.54,C1
22.39,0.0,0.0,C0
1.34,0.0,0.0,C0
5.21,2.1,2.96,C1
18.07,0.0,0.0,C0
2.77,0.0,0.77,C1
44.98,5.9,6.25,C0
5.37,4.41,9.72,C2
16.13,0.0,0.72,C2
4.01,3.62,0.62,C1
26.52,12.68,7.9,C1
12.23,0.0,2.31,C2
5.25,32.68,2.25,C1
8.11,10.48,1.49,C1
15.87,0.0,2.23,C0
18.3,0.0,1.27,C0
6.57,18.16,1.55,C1
11.14,0.0,3.44,C2
12.66,6.74,0.75,C1
3.67,0.0,0.7,C1
25.16,0.0,3.04,C2
14.1,0.0,12.38,C2
3.89,21.12,5.16,C1
3.93,0.0,3.78,C2
11.06,0.0,0.0,C0
2.59,1.75,5.09,C2
9.27,0.0,0.0,C0
2.77,31.43,5.54,C1
4.2,1.94,1.47,C1
2.92,0.0,0.0,C0
5.64,4.57,1.56,C1
3.92,0.0,0.0,C0
3.97,0.0,2.11,C1
2.64,52.38,2.08,C1
6.85,0.0,3.12,C0
27.93,0.0,4.64,C0
2.9,63.6,1.61,C1
6.62,0.0,2.84,C2
4.02,6.22,1.52,C1
3.89,17.71,2.2,C1
2.37,3.04,1.21,C1
2.54,3.96,1.41,C1
11.41,0.0,0.0,C0
12.02,4.33,4.45,C1
4.63,0.0,6.71,C2
6.46,21.0,10.38,C2
5.44,0.0,2.26,C0
37.64,2.06,2.18,C1
13.33,7.88,3.72,C1
2.76,0.0,5.36,C2
15.4,25.54,5.2,C1
24.65,16.48,0.81,C1
10.74,0.0,0.0,C0
2.79,13.01,7.4,C1
12.38,0.0,0.0,C0
6.5,9.96,2.15,C1
18.28,16.08,1.59,C1
5.62,0.0,4.61,C0
6.92,22.3,2.22,C1
2.76,85.16,3.02,C1
30.98,12.77,2.16,C1
12.71,1.67,1.37,C1
1.65,0.14,0.47,C2
23.69,0.0,1.25,C2
14.86,0.0,0.78,C2
9.43,44.58,31.04,C1
16.55,0.0,0.78,C0
2.82,0.0,0.76,C1
10.79,0.0,2.28,C0
19.89,16.19,1.6,C1
28.24,0.0,0.0,C0
4.91,6.04,1.39,C2
3.79,1.82,0.75,C1
2.76,50.54,3.57,C1
2.76,0.0,0.79,C1
24.15,0.0,1.46,C1
4.51,0.0,2.61,C0
9.67,4.55,0.8,C1
27.98,0.0,1.47,C2
1.62,0.09,1.45,C1
16.78,0.0,3.13,C1
19.55,0.0,0.0,C0
5.68,4.55,2.35,C1
2.73,52.02,5.28,C2
2.29,31.6,2.02,C1
14.82,2.03,6.66,C1
3.95,17.89,1.34,C1
2.78,4.38,0.72,C1
21.83,0.0,1.52,C0
6.27,6.34,1.72,C1
17.51,0.0,5.23,C0
5.41,8.8,1.51,C1
6.8,14.96,2.46,C2
3.76,74.3,4.3,C1
2.83,13.78,2.29,C1
6.05,0.0,4.41,C2
10.93,0.0,0.77,C2
9.54,0.0,2.25,C1
6.12,41.89,4.29,C1
9.82,0.0,2.21,C2
4.15,28.63,2.3,C1
46.68,41.97,10.24,C1
8.75,0.0,2.14,C1
11.14,0.0,3.06,C0
5.2,30.59,9.17,C2
10.71,0.0,0.75,C0
3.51,0.0,0.64,C2
22.39,0.0,0.73,C0
4.25,0.0,3.13,C2
2.6,18.21,2.73,C2
4.21,0.0,0.59,C2
6.59,33.28,1.31,C1
12.64,0.0,6.25,C1
3.34,3.49,1.84,C1
12.63,0.0,0.0,C0
2.68,6.48,1.5,C1
6.19,15.05,1.3,C1
6.67,0.0,1.36,C0
21.13,0.0,1.22,C2
48.49,93.59,59.35,C2
4.28,17.82,4.72,C1
5.55,2.33,1.53,C1
2.8,6.93,2.34,C1
2.8,37.1,8.68,C1
26.74,9.31,2.99,C1
2.63,7.97,1.39,C1
2.69,4.31,2.29,C1
6.32,2.03,1.38,C1
7.92,0.0,0.0,C0
13.43,18.77,4.11,C1
10.49,4.48,4.23,C1
7.69,15.08,8.72,C1
5.58,0.0,2.61,C2
6.53,17.9,1.28,C1
14.79,41.69,4.34,C1
3.65,26.05,2.27,C2
10.24,0.0,0.0,C0
11.85,0.0,0.0,C0
3.29,0.0,0.0,C0
3.72,0.0,0.45,C2
8.51,0.0,0.0,C0
12.86,0.0,0.0,C0
4.1,6.08,0.72,C1
11.05,0.0,0.0,C0
32.46,12.47,13.46,C1
13.85,0.0,0.0,C0
5.61,34.15,5.35,C1
7.77,11.05,4.2,C2
10.7,0.0,0.67,C0
9.98,0.0,0.0,C0
29.83,77.2,41.14,C1
1.92,0.0,1.15,C1
12.14,0.0,2.25,C0
11.38,60.09,8.73,C2
4.06,10.19,3.58,C1
9.32,0.0,0.73,C2
5.23,9.07,5.45,C1
3.59,7.15,3.93,C1
5.86,5.94,3.57,C0
6.67,0.0,5.12,C2
8.62,1.41,1.93,C1
14.2,0.0,0.0,C0
2.85,9.3,10.31,C1
3.45,1.79,0.67,C1
4.14,2.08,0.57,C2
10.95,0.0,0.0,C0
17.06,0.0,1.58,C0
4.08,0.0,0.79,C0
14.79,0.0,0.0,C0
5.11,0.0,0.0,C0
4.47,0.0,0.91,C2
10.99,0.0,14.03,C1
18.17,0.0,0.0,C2
5.61,22.3,6.19,C1
4.13,9.53,5.52,C1
2.57,0.0,2.7,C1
4.18,0.0,3.49,C1
8.3,0.0,0.67,C1
13.7,0.0,4.54,C0
2.27,0.0,0.0,C0
0.01,9.99,0.01,C1
4.08,0.0,1.36,C2
2.62,1.95,1.47,C1
7.35,11.77,2.39,C1
7.36,9.36,3.89,C1
7.0,15.78,6.99,C1
6.39,35.62,9.96,C0
5.86,17.84,0.75,C1
29.84,35.42,18.94,C1
10.8,0.0,0.0,C0
19.43,33.68,1.51,C1
10.53,12.68,1.49,C1
4.12,10.39,1.52,C1
28.13,0.0,5.88,C1
15.45,4.07,2.86,C0
9.37,0.0,2.83,C1
4.18,4.64,2.37,C2
15.37,0.0,8.51,C0
4.62,0.0,1.35,C2
4.02,13.59,1.32,C1
5.32,2.23,3.05,C1
4.3,0.0,4.94,C2
3.41,0.9,1.38,C1
5.2,56.12,2.22,C1
10.99,0.0,0.66,C0
4.02,22.06,5.29,C2
4.0,10.68,1.43,C2
9.07,11.75,4.45,C1
2.85,36.45,0.78,C1
5.48,13.54,2.33,C1
13.78,49.65,6.09,C2
11.05,7.38,1.25,C1
15.37,0.0,0.0,C0
2.73,0.0,4.31,C1
16.2,6.03,3.75,C1
12.57,0.0,1.54,C0
13.14,0.0,0.0,C0
37.57,0.0,7.75,C2
3.69,0.0,0.71,C2
3.49,3.14,0.49,C1
22.04,0.0,3.42,C0
13.52,0.0,0.0,C0
4.22,4.66,2.37,C1
8.65,0.0,1.35,C2
27.53,0.0,2.99,C2
4.38,0.0,0.0,C0
5.17,1.99,0.75,C1
29.89,9.46,3.99,C2
9.95,0.0,0.0,C0
5.38,49.41,2.35,C2
2.8,4.24,1.53,C1
6.69,0.0,0.73,C2
7.07,0.0,3.01,C2
11.82,0.0,0.0,C0
7.88,45.29,12.06,C1
23.58,0.0,0.0,C0
19.85,0.0,0.0,C0
22.1,82.11,15.92,C0
7.95,0.0,0.75,C2
23.56,0.0,3.02,C0
14.94,0.0,0.0,C2
2.52,6.28,1.41,C2
8.61,1.9,2.33,C1
11.16,11.39,9.28,C1
4.87,5.82,5.08,C1
12.35,2.37,10.07,C2
9.08,0.0,0.0,C2
4.21,16.44,1.6,C1
2.76,6.51,1.49,C1
5.44,18.27,3.09,C1
2.79,54.0,3.91,C1
5.52,11.31,1.52,C1
2.46,9.96,2.21,C1
3.64,4.01,0.68,C1
19.39,0.0,0.0,C0
7.96,0.0,1.48,C1
11.71,0.0,0.0,C0
36.48,0.0,1.5,C2
9.27,8.84,1.31,C1
4.1,4.45,0.78,C1
14.68,2.04,1.3,C1
3.92,0.0,0.65,C2
5.36,2.15,1.45,C1
5.27,7.68,2.87,C1
20.44,0.0,0.0,C0
2.76,18.07,2.3,C2
7.15,22.36,2.59,C1
4.03,27.32,2.93,C1
22.48,0.0,0.0,C0
5.38,26.18,2.31,C2
4.22,0.0,4.69,C2
6.08,0.0,1.28,C2
5.65,0.0,8.4,C0
10.58,0.0,0.0,C0
10.85,0.0,4.89,C2
2.78,0.0,0.67,C2
8.15,0.0,2.1,C0
2.27,16.02,2.32,C1
11.06,0.0,0.76,C0
5.62,11.27,1.59,C1
5.39,0.0,0.66,C0
4.17,21.15,6.74,C1
20.79,5.27,2.71,C1
3.79,21.32,5.14,C2
3.72,0.0,4.26,C2
8.01,0.0,0.69,C0
6.34,11.8,1.97,C1
5.17,39.28,0.77,C1
10.95,0.0,0.0,C0
8.63,16.27,1.5,C1
9.98,0.0,0.0,C0
19.07,0.0,0.0,C0
4.18,42.3,1.53,C1
5.63,6.94,0.79,C1
4.14,0.0,1.5,C2
22.87,0.0,0.67,C0
1.34,0.0,3.37,C2
18.97,1.9,6.52,C1
24.24,0.0,1.49,C2
4.15,0.0,1.52,C1
2.63,18.18,1.53,C1
3.99,13.35,1.54,C1
3.91,5.15,0.64,C1
2.64,2.04,1.4,C1
2.81,15.73,1.5,C1
4.0,0.0,0.0,C0
7.32,10.4,2.87,C1
5.29,0.0,2.2,C2
37.39,0.0,1.51,C0
11.24,8.95,10.09,C1
13.15,4.69,11.52,C1
8.71,3.26,0.54,C1
5.22,0.0,0.0,C2
2.77,4.6,6.84,C1
29.22,37.13,1.53,C1
6.79,10.59,1.51,C1
12.03,0.0,0.7,C2
18.76,9.36,1.36,C1
4.05,9.61,1.31,C1
2.85,35.91,1.57,C1
2.7,4.32,1.51,C1
25.38,25.48,4.45,C1
2.75,0.0,0.0,C0
3.66,0.0,0.63,C2
4.14,0.0,1.44,C1
6.99,0.0,0.0,C0
2.86,2.33,3.85,C2
4.35,0.0,0.47,C1
4.27,20.15,1.54,C1
4.01,0.0,1.52,C2
31.18,0.0,2.32,C2
9.82,23.13,3.91,C1
2.86,16.18,1.6,C1
10.7,0.0,0.7,C2
2.81,45.53,1.53,C1
25.57,0.0,1.38,C2
28.33,0.0,2.88,C0
17.52,1.31,1.69,C1
4.15,10.77,1.52,C1
6.15,0.0,0.0,C0
2.08,15.05,2.54,C1
2.74,15.34,2.95,C1
4.24,11.2,0.77,C1
25.12,92.02,34.08,C2
5.63,0.0,12.15,C2
15.21,9.42,1.34,C1
6.14,0.0,0.0,C0
10.68,6.46,1.41,C1
3.53,14.01,0.78,C1
7.78,0.0,0.0,C0
2.48,13.13,3.02,C1
16.1,0.0,0.78,C0
3.81,5.29,4.7,C2
4.03,2.23,3.81,C1
14.29,33.75,16.22,C1
16.66,0.0,0.41,C0
4.79,7.0,1.61,C1
2.73,2.19,2.26,C1
2.49,12.41,1.33,C1
1.41,0.0,0.0,C0
3.94,0.0,0.0,C0
2.86,41.3,3.87,C2
12.43,0.0,1.47,C1
3.73,9.33,1.16,C1
2.83,15.94,2.14,C2
5.66,0.0,3.82,C2
12.75,0.0,1.92,C0
5.02,2.0,5.84,C1
2.71,17.21,4.4,C1
3.98,10.47,0.72,C1
12.79,0.0,0.0,C0
18.46,0.0,0.0,C0
13.09,0.0,0.77,C0
13.61,0.0,0.62,C1
11.76,0.0,0.5,C2
25.81,0.0,4.78,C2
3.58,4.36,2.2,C1
10.82,0.0,0.0,C0
7.99,37.48,1.49,C1
18.04,15.18,12.35,C1
7.89,0.0,0.0,C2
5.47,0.0,0.5,C1
7.03,4.63,7.04,C1
5.78,0.0,1.07,C2
2.64,2.31,2.16,C1
2.56,17.88,1.34,C1
29.78,0.0,1.55,C0
3.93,10.58,1.33,C1
14.02,2.24,0.78,C1
4.22,13.77,2.99,C1
7.96,0.0,5.44,C1
27.24,48.38,2.2,C2
12.58,0.0,0.0,C0
3.9,0.0,0.65,C1
2.91,3.23,0.7,C1
5.55,4.6,2.31,C2
5.63,25.49,1.55,C1
4.07,7.91,0.74,C1
5.51,6.71,0.75,C1
8.42,17.75,3.87,C1
4.81,26.32,4.23,C2
10.98,15.46,10.57,C1
2.8,17.73,0.78,C1
2.71,48.34,3.65,C1
3.59,3.54,1.88,C1
11.63,0.0,0.0,C0
5.26,0.0,0.89,C0
13.68,5.91,4.76,C1
9.97,0.0,0.0,C0
1.39,0.0,0.0,C0
7.98,0.0,0.73,C0
3.69,12.38,1.34,C1
15.55,0.0,10.17,C1
2.8,6.93,1.58,C1
4.72,0.53,0.65,C0
21.48,0.0,3.04,C0
5.41,0.0,0.0,C0
3.92,6.53,3.73,C1
2.49,8.82,2.76,C1
5.53,0.0,4.71,C2
18.31,0.0,7.77,C0
7.92,2.18,6.42,C0
12.58,0.0,0.74,C0
26.47,50.21,3.11,C2
8.42,0.0,4.51,C1
2.78,24.08,7.68,C1
15.35,14.75,1.37,C1
2.41,22.25,3.06,C2
12.36,0.0,0.0,C0
2.74,11.42,2.31,C1
5.1,1.94,3.02,C1
7.92,0.0,0.0,C2
9.0,0.0,0.57,C2
2.44,0.0,0.0,C1
17.52,0.0,2.14,C2
8.2,0.0,1.53,C0
44.62,0.0,0.76,C0
8.24,0.0,8.24,C2
4.86,11.12,1.97,C0
4.07,0.0,0.74,C1
2.62,2.0,1.45,C1
28.79,17.78,5.14,C1
5.58,4.61,2.36,C1
5.4,12.46,2.67,C1
58.05,0.0,0.79,C0
9.91,0.0,1.12,C2
8.1,0.0,1.28,C2
14.4,0.0,0.65,C2
15.91,0.0,2.07,C1
14.42,1.81,3.48,C1
4.26,0.0,1.55,C1
6.35,0.0,0.0,C0
14.14,0.0,0.0,C0
5.8,26.52,2.34,C1
5.53,0.0,1.67,C2
7.72,0.0,0.0,C2
17.54,0.0,0.0,C2
4.06,10.35,4.29,C1
10.82,7.45,2.95,C1
4.27,0.0,1.59,C2
23.51,9.23,2.36,C1
2.25,23.57,2.74,C1
3.72,40.38,2.55,C1
17.71,0.0,2.91,C1
3.06,19.37,3.11,C1
12.33,0.0,0.0,C0
4.03,17.17,0.73,C1
10.15,0.0,0.0,C2
2.86,2.35,0.8,C1
5.65,0.0,10.9,C2
12.83,0.0,0.62,C2
9.73,21.75,4.57,C1
3.93,12.59,4.53,C1
8.29,0.0,1.55,C0
4.92,31.31,3.72,C2
19.93,0.0,0.0,C2
14.78,4.74,3.11,C1
2.44,5.0,2.62,C1
10.41,20.9,2.02,C1
4.07,10.6,1.5,C1
2.79,23.29,3.94,C1
5.72,16.55,2.69,C1
4.24,11.64,1.56,C1
2.79,29.07,2.33,C1
2.85,6.63,3.09,C1
4.24,14.68,1.52,C1
4.21,0.0,0.75,C2
8.19,18.65,1.3,C2
6.16,0.0,1.15,C1
4.24,16.45,3.98,C2
2.83,0.0,0.75,C1
1.4,0.0,0.0,C0
5.45,7.82,1.41,C1
7.61,0.0,0.71,C2
17.12,0.0,0.0,C0
13.72,0.0,3.93,C0
4.01,0.0,0.32,C2
5.58,0.0,0.0,C0
14.03,0.0,0.0,C0
31.51,0.0,1.25,C2
2.73,0.0,0.8,C2
3.19,0.0,1.67,C2
24.36,0.0,1.38,C2
12.29,0.0,5.99,C0
10.84,0.0,0.0,C0
9.13,17.43,1.42,C1
19.07,18.2,1.48,C1
14.8,0.0,0.0,C0
2.72,8.78,0.78,C1
5.48,15.92,2.29,C1
8.11,0.0,1.46,C1
3.94,2.29,4.69,C1
2.79,31.57,2.31,C1
19.14,0.0,3.78,C2
2.83,24.91,0.78,C1
13.88,32.18,1.56,C1
20.03,0.0,4.75,C0
24.49,0.0,0.0,C0
2.86,2.17,2.29,C1
15.51,0.0,0.0,C0
4.04,15.24,2.26,C1
3.13,2.9,5.35,C2
4.08,6.94,1.58,C1
12.55,0.0,0.5,C2
2.71,10.05,1.48,C1
15.25,0.0,0.0,C0
2.79,43.54,1.53,C1
4.02,13.76,1.52,C1
2.79,17.11,2.27,C1
5.67,0.0,2.36,C0
26.74,2.33,6.26,C1
15.53,1.86,18.08,C2
4.48,0.0,0.0,C0
17.65,0.0,0.0,C2
8.05,0.0,0.0,C0
9.87,0.0,3.18,C2
8.29,0.0,1.55,C2
6.11,0.0,7.1,C1
12.35,26.06,3.13,C1
3.69,12.99,5.02,C1
2.48,1.67,1.42,C1
11.62,0.0,1.5,C0
4.09,0.0,4.45,C2
4.55,0.0,0.61,C2
2.72,12.97,0.76,C1
3.69,0.0,0.0,C0
5.45,24.26,2.13,C1
6.63,0.0,4.46,C2
5.68,14.76,8.79,C2
3.95,9.11,7.62,C1
3.94,0.0,3.0,C2
25.91,5.43,1.99,C1
17.09,0.0,6.29,C2
5.03,0.0,0.0,C0
19.82,4.66,3.15,C1
3.97,21.73,1.46,C1
2.51,0.0,1.47,C2
18.82,2.4,7.17,C1
17.97,0.0,0.0,C0
2.36,0.0,0.0,C0
9.73,0.0,0.0,C0
7.45,0.0,0.0,C0
16.09,0.0,0.0,C0
2.15,6.91,0.77,C1
4.57,0.0,3.84,C1
11.41,13.77,6.28,C1
22.39,0.0,0.0,C0
4.18,6.59,2.31,C1
15.26,53.28,3.13,C1
13.92,0.0,0.0,C0
11.19,26.87,1.33,C1
8.6,0.0,3.96,C2
2.84,11.6,0.8,C1
11.73,0.0,0.0,C0
2.85,13.49,1.52,C1
2.84,32.1,3.9,C1
2.79,47.82,2.29,C1
34.94,0.0,2.33,C2
2.78,24.43,2.97,C1
5.58,2.11,1.35,C1
43.94,33.82,6.14,C1
6.97,0.0,0.0,C0
9.62,0.0,0.0,C0
14.3,0.0,1.49,C2
15.48,0.0,0.67,C0
3.94,44.98,2.18,C1
4.02,32.07,0.69,C1
6.93,0.0,3.78,C0
2.85,9.28,1.58,C1
20.17,0.0,3.57,C2
6.48,0.0,0.0,C0
2.69,0.0,0.0,C0
4.97,12.29,1.4,C1
28.29,0.0,1.2,C0
2.79,60.3,3.91,C1
71.83,0.0,12.51,C2
4.1,0.0,0.0,C2
22.42,19.02,3.67,C1
6.59,7.85,3.6,C1
9.05,0.0,2.0,C2
7.14,0.0,3.16,C2
4.1,8.96,2.32,C1
14.5,10.63,2.15,C1
5.84,7.55,7.53,C1
10.68,0.0,2.12,C2
10.42,0.0,2.07,C0
15.52,0.0,0.0,C0
4.31,0.0,0.55,C0
3.7,32.04,1.45,C2
18.17,0.0,0.79,C0
13.71,0.0,0.0,C0
14.2,14.13,8.75,C2
4.16,13.5,20.7,C1
43.11,21.11,19.56,C1
3.83,16.67,0.68,C1
14.9,0.0,0.0,C0
2.68,4.03,2.25,C1
5.71,0.0,0.0,C0
7.22,17.23,0.79,C1
4.03,0.0,1.35,C2
9.14,24.84,1.34,C2
17.46,0.0,0.0,C2
7.18,7.0,0.79,C1
2.24,8.82,3.67,C1
4.31,35.07,1.57,C1
3.96,0.0,0.0,C0
12.29,0.0,1.47,C0
2.7,8.88,3.75,C1
6.06,0.0,0.0,C0
1.92,4.5,2.29,C1
15.76,0.0,0.0,C0
23.03,0.0,0.0,C0
10.99,0.0,0.86,C2
12.38,0.0,0.0,C0
5.34,2.05,2.2,C1
17.33,0.0,0.0,C0
8.01,0.0,0.0,C0
2.11,2.61,1.39,C1
5.35,6.37,3.02,C2
4.12,11.28,6.96,C2
5.33,0.0,3.78,C2
15.88,1.21,0.77,C1
5.42,0.0,3.82,C2
2.69,13.42,5.34,C1
2.12,1.39,4.5,C2
3.91,0.0,1.38,C0
6.71,31.56,3.84,C1
5.58,4.42,1.55,C1
16.03,23.69,1.53,C1
5.27,0.0,0.0,C0
5.19,6.4,2.27,C1
35.75,0.0,0.71,C0
9.2,22.09,16.9,C2
3.82,12.2,4.31,C1
5.53,0.0,1.51,C2
2.01,19.1,11.27,C1
6.56,10.54,3.69,C1
2.79,0.0,2.33,C2
10.93,23.45,12.92,C0
7.34,0.0,0.0,C0
4.14,6.51,3.1,C1
3.79,23.51,1.14,C1
10.26,12.98,1.42,C1
4.11,21.03,3.01,C1
9.35,0.0,0.76,C2
13.19,6.38,11.48,C1
2.62,9.2,1.53,C1
3.86,38.16,2.73,C1
2.67,38.89,1.47,C1
14.06,0.0,0.0,C0
2.28,38.4,1.14,C1
4.03,0.0,0.0,C0
18.15,0.0,0.0,C0
44.23,94.85,52.13,C2
2.87,0.0,3.15,C1
2.12,12.28,1.15,C2
4.03,39.48,3.6,C1
14.62,3.42,1.39,C1
8.63,6.94,2.28,C1
6.76,15.24,3.06,C1
5.35,0.0,6.21,C2
31.35,3.59,2.75,C1
21.95,0.0,2.15,C2
2.87,49.58,3.2,C1
4.05,14.31,3.81,C1
17.84,0.0,0.0,C0
9.48,0.0,0.0,C0
2.68,12.82,3.68,C1
4.07,10.88,1.51,C1
15.27,0.0,9.97,C2
10.81,0.0,0.0,C2
30.85,0.0,11.0,C0
2.78,24.94,0.76,C1
6.32,0.0,1.47,C2
22.53,38.66,0.78,C1
31.41,62.17,11.36,C2
9.3,0.0,6.52,C0
5.52,2.28,6.07,C2
2.79,25.06,1.58,C1
5.29,0.0,2.24,C2
23.96,0.0,0.0,C0
4.58,0.0,0.64,C2
2.49,6.19,2.22,C1
4.18,25.2,3.16,C1
3.79,21.41,2.85,C1
2.77,2.1,4.56,C1
2.55,13.06,2.89,C1
2.6,10.18,0.57,C1
5.91,0.0,0.0,C0
6.86,4.13,3.86,C1
12.49,0.0,0.0,C0
7.45,13.23,5.12,C1
7.35,0.0,0.0,C0
2.67,10.28,1.44,C1
7.14,0.0,3.16,C2
8.14,0.02,1.67,C1
14.65,0.0,0.0,C0
22.81,2.41,1.67,C2
7.3,8.18,3.54,C1
4.18,7.01,1.51,C1
8.03,14.77,2.25,C1
0.0,0.0,0.0,C0
2.71,43.39,1.47,C1
8.48,10.24,11.46,C1
3.6,0.0,0.56,C2
2.79,13.73,0.78,C1
4.15,2.25,2.83,C1
4.17,13.38,1.47,C1
4.98,15.49,1.49,C1
7.51,0.0,0.0,C0
8.27,0.0,1.55,C2
7.01,0.0,0.63,C0
17.19,13.86,8.7,C1
27.69,0.0,0.0,C0
2.75,17.61,1.53,C1
2.57,52.51,1.36,C1
9.41,0.0,0.0,C0
2.7,35.42,2.08,C1
3.62,0.0,0.75,C2
0.71,0.0,0.0,C1
7.98,35.63,4.17,C2
16.16,59.98,5.35,C1
2.14,3.08,4.88,C1
2.5,5.84,1.31,C1
29.83,77.2,41.14,C1
45.82,0.0,11.86,C2
11.35,5.13,3.64,C1
14.8,0.0,0.0,C0
3.72,13.55,7.94,C1
34.67,42.16,3.6,C0
5.41,5.33,3.34,C1
4.18,0.0,0.73,C1
7.88,6.38,3.98,C1
4.07,6.03,1.45,C1
1.04,0.0,0.0,C0
9.81,0.0,7.75,C2
6.72,6.34,2.03,C1
2.52,4.31,0.71,C1
15.58,0.0,0.0,C0
13.32,10.46,3.0,C1
3.75,13.11,1.39,C1
14.92,0.0,0.0,C0
5.23,3.51,0.73,C1
4.21,14.04,4.73,C1
13.79,18.8,6.4,C1
15.6,0.0,3.15,C2
19.1,0.0,1.45,C2
2.5,44.89,10.43,C2
8.15,0.0,0.0,C0
16.7,6.32,1.5,C2
23.49,11.57,13.2,C1
4.15,6.37,0.74,C1
3.33,0.0,3.56,C0
5.37,11.17,1.49,C1
3.91,0.0,0.77,C2
11.91,10.98,2.22,C1
15.7,0.0,4.08,C0
5.4,0.0,5.31,C2
15.1,0.0,0.48,C0
6.61,0.0,3.76,C0
25.29,10.58,3.59,C1
4.02,2.14,2.83,C1
2.28,23.73,2.05,C1
3.13,2.35,1.59,C1
11.0,0.0,0.83,C1
25.67,22.78,1.88,C1
10.69,0.0,0.0,C0
4.47,1.94,3.34,C2
18.84,3.93,2.75,C1
4.03,0.0,0.0,C0
11.98,0.0,0.0,C0
6.89,0.0,0.75,C1
2.8,13.69,1.56,C1
5.39,0.0,0.56,C0
3.3,0.0,1.16,C2
13.55,13.1,1.28,C1
8.33,0.0,1.55,C0
5.4,48.89,3.83,C2
2.61,12.22,3.52,C1
2.12,3.89,1.99,C1
12.86,0.0,0.0,C0
6.04,11.62,0.7,C1
6.87,0.0,1.05,C0
5.64,0.0,2.23,C1
9.65,0.0,1.17,C2
6.72,15.67,8.19,C1
5.82,2.33,0.78,C1
4.17,2.29,1.43,C1
8.37,13.29,17.78,C1
40.34,0.0,18.6,C0
2.8,0.0,1.56,C1
2.8,0.0,3.82,C2
8.27,3.46,1.86,C0
5.29,11.5,2.07,C1
2.84,87.17,14.17,C2
2.01,13.77,1.54,C1
41.89,0.0,8.28,C2
4.04,80.61,5.51,C1
2.81,24.77,1.53,C1
20.81,0.0,0.0,C0
5.21,0.0,1.99,C0
11.72,0.0,0.0,C0
4.17,2.13,3.76,C2
2.75,0.0,0.0,C0
5.01,9.67,1.34,C1
4.23,4.46,1.58,C1
10.26,0.0,5.49,C2
7.06,0.0,0.73,C2
4.05,0.0,3.57,C2
4.12,31.67,3.11,C1
17.77,0.0,2.3,C2
3.23,0.0,0.0,C0
14.03,6.59,5.36,C1
16.34,0.0,1.51,C0
4.18,19.22,0.7,C1
2.64,39.24,0.67,C1
16.36,14.93,0.71,C1
2.58,10.75,1.37,C1
7.38,0.0,2.13,C2
4.23,18.38,1.59,C1
13.27,0.0,1.4,C1
6.77,0.0,0.0,C0
5.55,0.0,1.3,C0
3.85,7.93,2.04,C1
26.61,2.18,1.54,C1
22.02,2.29,1.86,C1
2.62,5.21,2.39,C1
37.66,0.0,5.44,C1
17.81,0.0,0.0,C0
4.26,0.0,3.99,C2
3.81,0.0,0.0,C2
4.12,0.0,0.0,C0
4.1,0.0,0.0,C0
3.52,0.0,0.0,C0
7.0,55.56,3.14,C1
16.82,23.96,3.9,C1
29.13,0.0,0.73,C0
5.33,0.0,1.47,C2
25.17,20.95,4.15,C2
18.82,0.0,1.98,C2
17.47,6.86,2.3,C1
22.99,0.0,0.61,C0
9.57,0.0,0.0,C0
4.26,29.79,2.35,C2
13.74,18.26,3.08,C2
2.67,1.24,0.58,C1
2.69,2.0,1.97,C2
5.31,21.78,1.49,C1
7.49,0.0,0.0,C0
15.02,0.0,2.71,C0
4.18,0.0,5.48,C2
2.8,32.93,0.79,C1
3.57,1.69,1.07,C2
28.05,0.0,0.78,C2
2.4,0.0,1.52,C2
2.68,13.27,1.52,C1
2.89,51.06,5.49,C1
14.76,0.0,0.0,C0
8.89,0.0,0.0,C0
6.37,0.0,1.71,C2
8.29,0.0,1.55,C0
2.76,38.6,3.15,C1
17.82,26.53,1.41,C1
2.36,2.1,1.37,C1
14.13,92.91,24.49,C2
2.75,0.0,1.42,C1
6.82,0.0,0.78,C2
4.17,15.76,6.14,C2
2.54,25.31,1.53,C1
0.4,1.87,1.04,C1
2.8,11.28,1.51,C1
20.9,1.82,2.41,C2
4.19,13.15,2.25,C1
2.39,50.87,6.17,C1
7.03,19.14,5.62,C1
4.14,22.36,0.78,C1
4.32,40.61,1.43,C1
2.74,84.25,5.24,C2
17.02,0.0,0.0,C0
5.12,11.68,1.49,C1
2.82,2.23,0.77,C1
2.32,1.69,1.16,C1
3.88,10.87,3.28,C1
5.74,40.01,3.37,C1
10.07,15.82,2.08,C1
3.7,17.27,4.45,C2
10.48,0.0,4.74,C1
43.2,9.73,10.79,C1
4.29,29.78,0.78,C1
7.3,0.0,1.36,C1
4.08,12.15,2.8,C1
2.57,0.0,2.31,C2
11.83,0.0,4.38,C0
4.73,5.84,0.64,C2
6.57,0.0,3.53,C2
3.95,6.8,1.54,C2
12.92,9.33,3.17,C1
6.41,0.0,1.53,C1
3.28,0.0,0.3,C2
2.84,7.05,3.98,C1
5.59,0.0,4.66,C2
40.7,0.0,6.82,C2
25.92,0.0,0.0,C0
2.84,6.96,0.8,C1
17.62,0.0,1.49,C0
3.86,8.53,3.4,C1
6.79,0.0,6.85,C0
3.3,13.63,1.39,C1
48.45,2.33,27.77,C2
14.81,0.0,0.0,C0
12.74,13.87,0.79,C1
9.44,0.0,10.96,C2
18.23,24.71,1.11,C1
6.8,0.0,1.38,C2
2.74,38.74,2.2,C1
20.05,0.0,1.47,C1
2.74,2.32,5.26,C1
4.26,2.21,6.15,C1
1.37,0.0,0.87,C0
4.12,6.85,3.08,C1
18.11,0.0,2.22,C1
2.41,0.0,1.06,C1
9.2,29.11,6.02,C1
11.5,0.0,0.0,C0
12.86,0.0,0.8,C2
3.38,0.0,0.63,C2
4.13,0.0,1.53,C2
29.09,0.0,0.0,C0
12.12,0.0,2.09,C2
14.99,0.0,1.62,C0
11.49,0.0,0.0,C0
2.77,0.0,1.44,C1
5.63,38.98,3.94,C1
12.75,0.0,2.17,C2
