C0,C1,C2,C3,C4,TP
4.95,5.07,12.06,4.72,6.78,C2
5.62,5.58,1.72,4.63,4.44,C1
5.2,0.0,5.31,4.24,0.0,C2
9.14,1.09,1.52,7.06,2.17,C0
8.61,5.2,3.83,17.36,0.0,C3
19.55,15.49,20.38,22.59,2.23,C3
2.12,0.0,1.39,2.59,3.69,C2
17.39,11.22,15.31,20.35,4.99,C3
5.82,1.85,5.73,3.32,2.51,C2
5.61,3.36,10.3,6.4,2.47,C0
5.06,1.66,3.2,2.98,4.19,C4
10.69,5.04,10.68,3.21,7.19,C4
2.77,11.93,7.21,8.04,9.59,C1
8.21,3.46,5.23,14.07,2.31,C2
8.13,1.74,1.77,4.41,4.62,C3
4.41,4.62,6.05,2.32,2.37,C2
2.92,5.57,3.44,6.69,8.55,C2
5.63,3.68,5.59,1.63,2.47,C2
13.75,3.52,16.59,4.93,7.33,C2
14.61,9.38,9.74,18.51,7.67,C4
2.75,5.33,5.51,8.97,2.95,C2
2.57,0.0,0.0,4.45,2.41,C0
20.16,10.66,18.4,20.07,9.98,C2
6.69,0.0,6.64,2.85,0.0,C0
5.47,1.67,8.35,9.61,0.0,C0
8.65,9.14,3.82,11.67,12.56,C3
2.39,0.0,0.0,5.51,4.27,C0
3.55,5.86,4.4,9.99,1.45,C3
0.0,0.0,4.39,8.66,2.24,C3
5.42,8.18,3.55,9.16,11.39,C1
8.2,1.73,8.66,4.89,0.0,C2
5.52,3.48,3.41,4.66,0.0,C1
5.6,1.67,5.63,4.53,11.83,C2
8.62,5.5,13.34,8.31,2.36,C4
10.47,6.49,8.57,16.69,4.62,C4
0.0,1.75,3.58,6.61,2.43,C2
2.24,1.23,1.78,8.42,0.0,C1
5.6,1.62,1.92,9.68,0.0,C3
5.84,1.87,5.8,6.56,0.0,C1
13.75,10.73,5.57,3.35,9.28,C2
5.67,0.0,9.17,3.27,0.0,C2
1.89,0.0,1.65,8.83,2.23,C0
7.9,2.9,3.56,12.26,4.17,C0
1.51,2.79,0.76,6.54,4.18,C1
2.67,5.1,1.73,1.57,0.0,C1
2.44,3.39,5.07,4.18,0.0,C3
5.67,10.55,14.56,8.18,16.8,C0
17.22,7.3,18.73,15.2,10.15,C3
5.16,1.45,1.89,7.6,4.7,C3
2.23,0.72,0.07,1.49,1.0,C1
8.12,0.0,7.42,9.76,9.55,C2
16.77,10.81,20.24,13.01,7.22,C2
5.7,0.0,8.9,8.21,0.0,C2
2.64,1.64,5.39,6.42,2.24,C1
5.6,3.59,9.09,4.98,4.96,C1
8.78,7.55,11.61,15.21,2.55,C4
13.35,11.88,21.16,14.02,13.82,C4
5.67,9.97,12.95,10.98,9.65,C4
8.58,3.68,1.88,12.78,0.0,C3
2.59,1.25,8.36,4.06,1.95,C2
3.69,0.0,1.73,7.22,0.0,C1
2.75,1.76,3.51,4.51,4.81,C4
0.0,4.46,7.24,5.76,0.0,C1
4.22,0.0,3.99,10.83,0.0,C1
2.24,3.52,3.48,5.7,4.31,C4
10.0,5.38,12.63,19.01,10.93,C2
4.89,3.21,4.97,10.85,0.0,C1
2.74,1.53,6.72,4.69,0.0,C2
2.47,3.11,6.31,10.76,2.26,C0
8.64,12.78,9.47,8.35,7.39,C1
0.0,0.0,3.49,8.15,7.15,C4
8.65,9.22,1.92,16.93,12.56,C1
2.38,2.86,2.51,8.89,0.0,C3
4.96,0.0,0.0,2.42,4.1,C0
2.7,10.68,1.71,7.8,4.9,C3
8.22,3.5,1.78,9.57,0.0,C1
0.0,1.85,3.79,4.97,4.94,C4
2.8,8.77,3.6,4.63,4.97,C4
5.2,1.58,2.68,2.56,1.38,C0
5.7,7.42,5.73,13.37,12.51,C3
12.74,5.04,8.39,12.07,0.0,C2
4.98,7.94,3.38,8.47,1.88,C1
5.7,3.73,0.0,4.99,2.46,C4
4.88,3.15,13.3,6.9,0.0,C0
6.58,2.67,5.28,15.88,1.95,C3
8.2,3.63,7.41,16.98,0.0,C0
2.9,10.94,7.59,5.01,2.46,C2
5.49,5.3,7.2,12.8,2.36,C1
2.58,7.91,5.01,4.43,2.23,C2
7.73,6.62,11.9,7.56,6.94,C1
5.79,3.73,0.0,5.05,5.06,C1
11.27,0.0,3.72,4.87,4.71,C2
17.07,12.66,16.93,6.66,19.83,C0
2.96,0.0,3.22,4.94,0.0,C3
3.99,0.98,2.07,6.87,0.0,C3
9.55,1.45,15.01,3.83,3.89,C1
0.0,3.62,1.9,1.69,2.46,C1
4.65,3.08,4.62,5.86,2.08,C2
2.8,7.37,5.73,10.11,2.47,C0
4.61,2.75,0.0,7.07,2.04,C3
0.0,4.79,6.6,10.04,5.99,C3
5.8,3.72,1.86,6.7,9.91,C4
3.79,3.2,8.04,5.96,2.15,C2
13.76,8.73,10.97,8.19,4.85,C4
2.84,1.81,7.36,9.83,0.0,C2
8.1,5.43,12.37,6.56,9.84,C2
5.21,5.3,10.88,3.19,6.79,C3
0.0,2.84,5.02,4.51,6.79,C4
11.34,3.66,11.04,8.38,4.29,C2
2.56,8.1,5.02,17.92,4.11,C1
29.43,14.15,28.56,19.26,21.0,C3
5.22,3.17,3.07,11.2,2.16,C3
0.0,5.07,0.0,5.86,2.32,C0
0.0,0.0,0.0,6.52,4.48,C0
7.75,14.89,13.63,9.63,6.92,C1
23.04,34.33,34.05,18.19,34.47,C2
2.9,5.46,13.21,4.95,4.93,C1
4.86,3.3,8.75,4.68,2.14,C1
10.66,1.67,1.79,3.1,4.72,C0
5.67,0.0,1.95,5.01,4.89,C1
12.4,11.75,11.84,9.04,11.26,C0
2.71,1.78,1.79,5.01,4.92,C4
4.46,2.45,2.51,7.68,0.0,C1
5.71,3.62,7.34,9.97,2.41,C1
2.77,0.0,0.0,1.64,4.78,C4
1.62,1.31,0.0,1.82,0.91,C0
5.7,3.72,0.0,6.62,4.66,C4
11.44,7.44,5.78,8.36,12.67,C2
11.12,3.24,4.86,7.16,0.0,C0
5.69,1.65,3.76,1.62,4.87,C2
11.0,8.14,7.67,6.4,7.06,C2
10.4,15.2,21.64,10.96,11.44,C1
1.88,2.88,0.0,1.42,4.79,C0
5.14,5.92,6.8,7.75,2.26,C1
4.27,1.37,3.15,9.19,0.0,C3
4.47,2.72,6.05,6.08,8.98,C0
6.71,10.78,4.22,6.09,13.48,C2
0.0,0.0,0.0,0.8,0.0,C0
8.42,8.77,5.58,9.75,4.38,C3
3.5,3.24,3.41,3.9,1.09,C3
14.39,7.09,9.29,3.32,2.49,C2
5.29,1.67,5.13,7.49,0.0,C2
10.29,1.6,1.68,4.29,2.32,C4
4.88,1.79,0.0,9.5,0.0,C2
7.43,6.23,4.83,11.25,4.4,C3
4.86,2.86,7.95,5.46,10.58,C3
2.7,1.58,5.42,4.51,4.37,C2
8.27,5.08,8.87,6.33,6.91,C3
2.74,7.3,5.74,2.8,4.92,C0
0.0,1.76,1.91,1.59,4.9,C1
5.52,2.37,6.56,14.07,0.0,C2
2.91,9.01,3.77,4.95,2.47,C1
7.85,7.4,14.83,8.49,4.26,C3
4.67,0.0,1.81,7.08,2.43,C0
2.82,7.01,3.74,6.51,7.52,C4
5.3,0.0,0.0,6.13,4.63,C0
11.43,6.86,25.94,14.46,14.22,C4
0.0,0.0,0.0,1.52,2.27,C4
2.74,1.53,5.88,6.72,0.0,C0
8.04,1.84,0.0,6.39,4.88,C0
3.39,9.85,7.1,20.52,7.0,C3
13.8,7.12,18.36,12.83,16.74,C1
2.66,3.22,0.0,1.62,0.0,C1
2.83,0.0,0.0,1.69,4.98,C4
2.47,7.28,0.0,1.66,2.24,C4
5.56,5.27,0.0,6.62,0.0,C1
0.0,3.4,3.62,3.3,2.38,C1
2.93,7.51,9.66,6.79,5.04,C2
0.0,0.0,6.0,3.67,4.52,C4
4.82,3.41,8.93,7.43,2.46,C2
0.0,5.61,6.86,2.81,1.66,C1
5.49,5.42,0.0,9.87,0.0,C3
5.64,3.53,3.24,6.53,2.47,C2
2.9,0.0,0.0,1.67,2.49,C4
0.0,0.0,0.0,1.63,2.48,C4
10.78,7.74,11.02,10.35,9.21,C1
5.73,3.39,10.78,14.95,0.0,C2
13.57,8.63,15.74,15.83,0.0,C1
5.36,3.58,3.43,13.26,0.0,C1
8.31,5.52,5.66,6.71,9.88,C2
5.14,1.49,1.72,3.1,4.5,C4
0.0,1.8,0.0,6.53,2.51,C4
7.41,8.24,10.91,16.08,10.57,C1
7.38,1.54,5.07,4.53,4.26,C3
2.82,8.57,5.37,6.31,7.07,C1
11.31,14.38,16.89,4.91,16.8,C1
5.65,8.34,5.46,5.98,4.77,C4
2.33,3.24,2.89,8.65,4.25,C2
5.41,7.11,3.67,1.32,4.86,C0
13.92,3.6,7.5,3.35,5.01,C1
2.83,0.0,7.15,6.59,0.0,C1
2.71,3.44,8.82,7.62,4.79,C0
13.54,8.97,14.5,9.52,9.25,C4
2.81,0.0,5.66,1.68,2.49,C2
11.82,5.14,9.58,4.66,2.26,C1
15.56,0.0,3.56,4.73,0.0,C3
7.66,1.72,5.11,4.77,0.0,C2
2.7,5.29,0.0,5.0,2.5,C4
0.0,0.0,5.67,5.06,7.53,C4
13.94,5.31,14.66,8.04,4.67,C3
4.41,4.3,3.02,10.77,0.0,C1
0.16,4.44,0.89,6.15,3.47,C1
2.8,5.28,5.44,6.34,6.92,C2
8.15,1.57,0.0,3.2,2.42,C1
2.65,0.0,3.3,3.08,2.27,C2
11.62,1.89,0.0,3.43,5.05,C0
2.79,5.47,1.92,3.36,2.47,C1
6.57,2.69,3.75,8.22,0.0,C2
2.92,7.44,0.0,8.47,2.48,C1
4.99,8.13,5.09,4.19,2.05,C2
25.41,23.19,35.6,19.38,26.83,C2
6.49,5.19,1.02,8.37,0.0,C3
2.64,4.67,3.24,6.01,0.0,C3
4.36,4.93,4.82,4.74,2.31,C0
6.33,8.45,3.18,4.94,0.0,C1
5.02,5.99,4.15,6.56,2.62,C3
5.4,1.67,0.0,3.29,2.49,C1
10.62,10.88,12.14,16.67,9.5,C3
2.26,6.18,5.02,7.62,4.46,C0
7.52,2.82,6.96,3.06,4.71,C2
5.46,11.65,8.5,5.93,14.05,C1
0.0,1.79,1.41,1.4,0.0,C2
4.99,2.65,0.0,5.5,6.07,C1
0.0,7.34,9.34,4.97,9.72,C4
17.08,16.48,22.51,14.83,14.65,C1
0.0,3.66,3.83,3.29,5.07,C1
17.15,3.67,7.67,5.0,4.77,C0
13.94,10.28,5.35,18.38,0.0,C3
2.77,7.04,5.41,20.82,0.0,C3
0.0,3.22,0.0,10.29,0.0,C1
4.86,1.58,5.31,2.78,0.0,C0
16.72,0.0,1.73,5.69,0.0,C0
4.49,1.23,1.9,10.99,0.0,C3
10.67,5.4,14.21,4.74,4.77,C2
7.45,3.08,14.51,4.58,2.05,C1
4.27,1.54,7.85,4.47,0.0,C3
0.0,1.82,1.75,4.95,4.71,C4
8.44,3.63,1.92,6.74,5.05,C3
2.46,3.0,3.03,1.49,2.28,C1
2.75,5.16,1.78,1.51,2.41,C1
7.01,6.54,8.65,11.83,7.78,C1
6.85,3.86,0.65,11.23,3.88,C0
7.39,1.52,0.0,9.35,0.0,C3
0.0,5.58,1.59,8.67,0.0,C1
0.0,4.38,3.55,5.99,4.62,C2
0.74,0.91,0.84,6.75,0.0,C1
8.39,3.57,3.25,9.3,2.23,C3
0.0,0.0,0.0,1.68,2.48,C4
4.14,2.99,2.7,11.98,0.0,C3
2.79,8.13,0.0,3.23,8.94,C1
12.22,5.77,7.52,8.27,0.0,C2
8.51,5.37,3.74,4.84,4.86,C1
5.7,5.33,7.1,5.35,5.5,C3
0.0,0.0,1.52,4.27,2.21,C4
11.3,0.0,1.84,8.12,2.42,C2
3.99,1.61,6.34,2.65,2.33,C0
5.46,1.77,1.82,3.24,0.0,C3
5.59,1.82,3.75,1.7,4.89,C0
8.42,3.52,5.47,12.75,0.0,C0
5.46,1.79,12.86,4.88,4.56,C4
14.18,5.29,5.41,4.88,4.19,C2
6.26,9.71,5.11,16.13,0.0,C1
21.86,14.13,13.84,9.34,4.88,C2
24.58,18.17,19.14,19.71,7.21,C4
2.24,0.0,0.0,1.34,4.11,C4
15.2,16.56,17.04,21.2,11.37,C3
2.39,1.58,8.08,8.03,0.0,C2
17.23,14.4,9.06,19.64,6.98,C1
5.05,1.7,3.43,4.45,0.0,C1
5.53,1.87,5.64,3.31,4.96,C0
5.4,3.42,1.71,7.25,0.0,C3
8.26,7.05,6.25,11.25,0.0,C2
1.91,1.06,2.29,9.55,0.0,C3
5.72,7.11,5.59,8.34,7.42,C1
2.23,6.19,2.04,2.94,1.97,C3
2.62,0.0,1.64,2.99,2.35,C4
17.78,10.03,10.1,18.69,7.16,C2
0.0,0.0,6.33,6.26,4.42,C1
0.0,1.62,4.95,5.76,0.0,C2
2.67,1.76,1.88,1.64,4.91,C1
13.69,1.41,3.05,8.01,1.76,C2
5.58,5.2,5.42,6.33,7.32,C2
20.23,21.01,16.4,18.01,10.91,C4
4.78,2.61,3.03,1.51,0.0,C1
7.04,4.13,1.54,13.27,0.0,C3
33.36,40.3,42.1,18.5,45.47,C2
2.79,5.12,9.12,8.14,2.4,C2
0.0,5.33,1.77,7.98,2.27,C2
5.44,0.0,1.42,3.84,0.0,C3
10.31,1.74,3.33,1.58,0.0,C1
8.27,8.6,8.79,3.04,9.32,C4
5.63,3.51,5.42,11.43,0.0,C3
14.24,16.5,28.22,16.52,12.39,C0
2.78,9.28,5.5,13.28,0.0,C2
4.67,4.62,5.1,7.23,0.0,C1
11.0,0.0,5.49,3.29,4.91,C0
2.99,2.43,2.32,6.19,1.89,C1
1.54,1.71,1.11,4.38,0.0,C1
1.74,0.0,2.5,1.38,5.52,C4
2.65,0.62,0.0,2.46,0.43,C1
0.0,7.14,7.29,1.61,4.82,C2
5.82,9.03,11.36,13.45,7.51,C1
5.57,8.55,9.28,4.77,9.13,C4
7.96,4.92,4.93,4.42,6.34,C1
5.35,5.4,1.75,4.59,0.0,C3
7.19,1.59,1.87,9.08,0.0,C2
8.59,7.34,0.0,6.64,4.96,C4
3.46,2.13,2.25,3.03,0.0,C2
8.54,5.59,17.05,5.06,2.55,C2
13.76,7.21,14.97,11.35,5.0,C3
4.63,0.0,0.0,4.41,4.61,C3
0.0,0.0,0.11,0.05,0.0,C2
8.03,13.29,12.2,7.73,2.47,C4
5.61,7.09,11.17,11.27,9.8,C2
8.22,1.75,5.47,4.64,6.56,C3
0.0,5.28,7.47,6.14,7.16,C2
0.0,0.0,0.0,6.68,0.0,C3
8.31,6.14,4.78,7.85,2.32,C4
5.25,3.69,5.69,5.05,4.93,C0
9.09,10.01,17.22,5.96,7.08,C2
11.46,5.46,7.3,14.75,4.81,C2
8.51,5.15,3.78,3.24,0.0,C2
4.19,3.03,4.14,3.61,0.0,C1
8.7,1.83,9.46,1.66,2.54,C4
2.47,0.0,2.53,1.5,4.69,C4
2.88,3.67,5.16,3.33,4.93,C1
10.74,10.92,15.01,17.36,10.32,C0
8.74,4.1,3.87,6.55,1.53,C4
0.53,6.03,2.62,7.35,0.0,C3
9.4,4.58,5.83,5.78,5.96,C1
3.1,1.0,1.22,1.73,0.0,C3
11.6,5.36,15.51,10.29,7.61,C2
2.21,0.0,3.01,5.35,0.0,C2
7.04,1.07,6.43,5.13,1.35,C1
6.77,1.0,1.49,7.84,10.51,C4
2.37,1.55,13.5,6.03,4.29,C2
5.85,12.94,5.75,8.42,12.61,C4
17.44,3.72,1.91,6.8,4.97,C0
13.16,1.81,3.71,6.69,0.0,C2
3.32,1.13,2.34,10.89,2.03,C4
5.12,3.25,8.59,3.16,4.65,C0
2.51,0.0,1.55,2.96,4.21,C2
5.45,1.76,4.47,9.61,0.0,C3
7.96,3.55,5.5,1.66,2.51,C2
16.35,3.5,5.51,4.91,7.29,C4
2.55,3.09,4.87,3.01,2.31,C2
11.44,10.18,11.13,17.82,12.06,C1
8.17,6.4,6.5,11.95,0.0,C2
4.94,8.7,7.22,5.97,0.0,C1
2.0,0.0,2.34,2.37,3.58,C0
17.17,3.68,11.34,11.64,4.95,C1
0.0,0.0,1.62,5.82,1.81,C4
4.57,3.88,1.14,4.13,0.0,C0
5.29,1.75,1.58,9.16,0.0,C3
19.47,8.13,18.3,14.75,14.86,C0
5.61,5.15,10.95,3.27,11.7,C1
10.4,7.35,12.16,20.11,9.02,C0
2.93,1.78,0.0,6.66,4.88,C4
0.0,1.7,1.89,4.87,4.53,C4
2.84,3.55,7.24,3.34,12.1,C3
6.22,4.74,4.27,11.0,2.22,C3
11.58,12.92,7.64,8.26,14.53,C3
2.65,3.34,1.5,5.87,4.4,C4
1.62,0.0,1.29,4.67,2.19,C4
2.8,4.48,3.3,7.82,0.0,C1
5.64,17.28,8.91,14.56,9.51,C3
2.35,0.0,4.89,5.59,5.48,C4
29.09,16.77,38.66,20.27,30.37,C4
4.34,7.36,3.99,5.93,2.21,C4
7.88,5.95,12.36,6.84,5.29,C2
5.62,3.61,5.54,6.47,0.0,C1
2.12,0.0,0.0,1.65,4.84,C4
11.31,1.82,9.51,3.31,2.47,C2
3.73,4.39,4.0,8.32,1.58,C3
0.0,5.5,5.79,5.04,0.0,C1
3.76,9.78,7.71,8.8,9.89,C2
11.19,1.75,7.64,4.95,2.49,C1
0.0,1.67,2.88,5.76,2.07,C2
5.75,0.0,5.68,5.07,2.52,C3
20.18,18.23,17.28,22.0,24.88,C0
5.13,2.95,6.5,8.81,5.83,C2
18.79,6.83,8.81,19.84,7.21,C3
2.82,1.64,0.0,13.18,0.0,C3
5.85,7.37,3.85,11.78,2.51,C1
17.43,3.72,9.65,5.11,7.47,C0
7.88,0.0,1.83,1.61,4.71,C2
5.59,5.09,1.84,1.64,2.4,C1
2.52,1.45,4.88,9.09,2.2,C2
5.79,9.27,9.54,1.69,7.39,C2
2.76,3.64,5.67,4.99,4.89,C1
2.62,11.77,3.28,20.99,0.0,C1
14.93,6.47,11.19,14.68,2.34,C0
2.76,5.28,3.43,9.24,0.0,C1
6.44,4.64,12.27,6.37,3.92,C4
13.72,7.03,15.74,14.24,4.93,C1
2.62,0.0,0.0,1.61,4.87,C4
4.54,9.55,13.79,4.44,8.36,C2
0.0,1.86,1.96,2.01,1.08,C1
1.9,0.0,2.26,11.2,0.0,C3
2.59,1.61,5.09,9.49,0.0,C3
0.0,3.56,3.03,1.86,2.09,C2
4.67,1.39,4.21,5.98,4.25,C0
2.78,6.89,1.81,7.97,11.93,C4
4.38,1.57,3.19,2.95,6.35,C3
2.75,10.39,5.25,9.3,13.61,C4
12.94,5.25,8.69,22.0,9.7,C0
19.42,5.27,18.57,14.57,9.64,C4
29.52,30.38,30.46,26.36,32.84,C4
0.0,1.83,3.73,4.94,0.0,C3
8.6,5.81,1.87,9.44,1.9,C1
1.32,1.6,6.49,5.56,4.31,C1
2.84,5.55,3.78,3.35,2.51,C4
2.04,0.27,2.48,2.06,4.97,C2
13.51,3.47,7.42,3.17,2.36,C1
25.17,26.71,25.18,25.98,21.89,C2
13.13,5.08,8.77,10.85,4.58,C3
2.91,7.18,7.61,4.95,2.41,C4
5.63,1.74,3.58,7.74,0.0,C3
12.76,0.0,6.62,7.23,2.26,C2
2.79,7.17,5.63,3.34,4.89,C4
2.84,3.42,3.31,1.64,2.04,C2
2.76,1.68,1.83,4.83,2.45,C0
5.27,5.1,3.79,9.7,2.51,C3
0.37,0.02,0.04,0.07,0.28,C3
12.63,6.29,10.23,8.94,4.55,C1
5.28,7.76,11.75,14.0,4.62,C4
11.37,3.66,13.08,13.32,4.72,C4
0.0,8.67,1.58,2.9,2.06,C2
2.68,4.99,1.66,4.58,2.37,C3
2.09,0.0,1.94,1.7,4.96,C1
16.76,3.63,7.51,4.97,0.0,C1
14.49,3.67,7.68,13.52,0.0,C0
0.0,1.28,0.0,2.88,5.65,C4
16.31,1.64,3.57,6.57,2.38,C1
2.79,5.32,14.55,11.2,2.36,C3
12.64,7.19,5.36,7.28,8.91,C1
0.0,0.0,3.74,3.31,4.94,C2
2.9,0.0,1.81,3.37,2.45,C3
10.12,4.57,4.86,9.17,0.0,C0
0.0,5.47,3.79,5.02,2.42,C3
16.89,6.48,6.38,10.77,4.41,C1
10.84,2.71,8.91,8.59,1.91,C2
6.29,6.06,4.22,6.72,6.22,C3
2.78,3.61,7.39,6.71,7.35,C2
10.57,6.73,3.54,15.51,9.35,C3
4.83,3.74,4.52,4.02,3.39,C2
2.61,1.69,0.0,1.54,4.92,C1
16.16,14.17,22.53,21.8,8.04,C2
7.4,1.64,1.55,5.84,4.35,C2
8.61,5.53,13.51,6.79,2.54,C2
5.78,3.61,15.42,3.31,9.89,C2
5.78,1.8,3.82,6.81,5.05,C2
5.28,1.38,3.21,7.55,2.55,C2
11.26,0.0,5.48,8.16,2.44,C3
0.0,1.85,5.34,11.26,2.34,C1
5.14,7.28,7.31,12.75,2.06,C2
2.27,8.06,1.6,4.42,2.22,C1
7.48,1.52,6.73,1.56,4.51,C2
5.55,1.75,9.31,11.55,4.81,C0
9.9,12.63,8.13,22.94,0.0,C3
11.06,3.58,9.58,7.97,2.53,C3
0.0,0.0,0.0,3.27,2.51,C4
0.0,5.29,3.84,10.03,2.51,C2
5.51,1.79,7.35,4.85,2.24,C2
2.82,5.87,6.53,6.71,0.0,C1
0.0,4.21,0.0,4.19,2.09,C0
5.66,1.68,1.94,1.65,4.97,C2
4.94,3.1,11.98,6.08,4.0,C2
19.25,23.4,21.99,13.21,26.15,C1
4.67,10.36,3.16,5.66,6.93,C1
8.66,10.85,7.61,13.48,10.02,C1
2.72,0.0,0.0,4.91,4.77,C2
2.25,3.5,3.33,3.04,8.76,C4
7.57,1.23,1.65,3.01,1.93,C4
0.69,0.54,0.0,0.93,0.27,C4
13.68,11.64,21.11,16.09,15.77,C2
2.67,8.76,12.82,16.31,16.88,C1
14.06,5.44,7.55,1.69,4.87,C3
2.68,5.27,3.33,9.56,7.09,C2
2.85,0.0,0.0,3.18,0.0,C3
5.48,1.8,1.75,6.13,6.53,C4
7.93,1.57,2.96,2.66,3.58,C4
3.9,3.01,2.86,3.01,2.73,C4
5.3,1.75,7.24,4.95,2.54,C0
7.3,9.7,5.14,7.53,8.63,C4
8.2,1.84,1.83,11.99,0.0,C3
4.7,3.31,3.31,2.91,2.37,C1
7.7,7.53,12.84,5.87,9.83,C3
0.12,0.0,0.33,0.15,0.06,C4
2.79,3.03,3.79,3.15,4.5,C4
8.16,0.0,3.48,9.48,0.0,C3
2.89,5.53,0.0,6.51,4.91,C3
16.7,0.0,5.43,3.28,7.38,C2
2.84,3.19,1.68,7.68,4.7,C4
0.0,1.59,3.37,8.43,0.0,C3
5.23,2.85,6.95,13.33,6.63,C2
0.0,4.09,1.17,1.58,5.44,C1
5.63,3.7,1.9,6.65,0.0,C1
2.79,3.47,1.85,6.38,4.5,C4
4.89,2.48,0.89,5.63,0.0,C3
2.85,1.81,3.33,4.58,2.49,C4
5.27,4.36,1.61,7.41,2.76,C4
11.01,11.22,5.04,15.75,8.67,C2
2.72,5.28,7.45,1.65,7.24,C2
2.32,0.0,0.0,4.41,4.78,C0
4.65,2.65,4.15,5.84,2.19,C2
2.7,3.13,3.24,4.39,2.45,C1
11.56,1.88,11.59,6.7,7.51,C4
1.88,3.63,3.43,8.96,2.21,C3
2.81,7.1,12.81,13.15,7.12,C3
7.03,1.58,1.63,14.45,0.0,C0
8.37,1.73,7.42,1.68,0.0,C2
0.0,1.75,1.16,7.54,0.0,C2
10.19,1.62,1.77,5.92,0.0,C2
2.76,4.73,1.69,1.52,2.17,C1
7.89,5.07,5.15,14.86,0.0,C3
17.21,7.21,11.5,11.72,0.0,C1
5.75,1.71,3.71,5.0,4.87,C2
0.0,3.31,1.76,13.83,2.2,C4
5.09,5.13,10.33,7.84,0.0,C1
2.7,0.0,0.0,4.32,1.19,C1
2.09,0.0,0.0,2.11,2.38,C1
5.61,1.3,1.79,9.56,4.53,C2
12.62,7.96,5.59,11.82,2.59,C2
9.12,2.81,9.21,14.42,4.19,C2
0.0,5.13,1.77,1.52,4.49,C1
23.06,7.36,24.92,18.34,12.61,C3
4.57,5.13,2.61,6.53,4.27,C3
0.0,1.75,3.17,4.81,7.25,C4
5.42,3.59,3.47,6.31,2.47,C3
5.62,3.59,3.68,6.4,4.48,C1
12.15,4.78,6.89,15.74,4.57,C1
0.0,5.34,3.76,3.31,0.0,C1
3.04,6.89,2.32,14.37,4.03,C1
5.47,5.1,5.3,7.26,0.0,C3
0.0,0.0,0.0,1.67,2.38,C4
2.84,7.38,5.7,6.77,14.84,C3
3.77,0.84,2.54,3.75,0.0,C0
2.87,1.4,1.66,5.56,0.0,C2
14.47,9.21,11.57,13.6,12.76,C1
5.29,0.0,0.0,1.6,4.66,C4
8.19,0.0,3.55,4.86,4.71,C2
0.0,1.62,2.16,2.53,0.0,C1
0.0,1.58,3.54,4.89,4.77,C1
2.72,6.85,0.0,4.69,2.39,C2
4.9,0.0,1.56,2.86,3.94,C4
12.83,3.08,5.07,4.38,2.13,C0
1.62,3.54,1.8,6.67,2.23,C0
0.0,5.28,3.87,6.77,5.02,C3
7.64,1.7,5.53,6.67,0.0,C1
5.77,0.0,0.0,7.96,5.03,C4
0.0,4.56,1.65,8.79,1.97,C1
5.72,3.67,1.88,5.0,2.19,C0
5.72,1.84,5.67,11.43,0.0,C3
2.74,1.72,7.73,4.51,4.13,C2
4.98,4.72,0.0,5.96,4.2,C1
5.6,3.5,9.26,11.48,4.68,C1
8.69,10.98,9.52,8.42,14.82,C0
4.68,6.21,3.72,4.38,1.96,C2
0.0,4.99,6.77,4.68,2.42,C2
2.82,1.72,3.78,4.93,9.28,C4
2.47,4.99,0.86,4.09,0.0,C2
8.46,8.91,9.19,9.73,4.76,C1
4.93,4.53,4.6,5.86,1.94,C0
31.47,23.75,20.79,46.5,15.0,C3
2.94,7.25,8.17,8.43,5.06,C2
8.46,1.77,6.91,1.66,2.43,C1
8.79,11.0,7.73,6.72,15.21,C3
2.73,4.53,8.83,7.62,4.28,C4
2.66,0.0,3.62,11.71,0.0,C1
2.62,5.21,6.43,10.19,0.0,C3
11.52,5.48,1.94,3.38,2.5,C2
2.07,1.4,0.0,5.83,0.0,C3
4.57,4.56,1.39,3.83,0.0,C1
7.32,3.42,1.68,3.1,4.51,C1
4.95,7.79,5.41,12.31,3.26,C4
13.9,1.78,5.63,3.28,2.54,C4
0.16,0.05,0.04,0.0,0.0,C1
7.92,3.6,10.98,12.36,0.0,C0
0.0,0.0,0.0,1.64,4.72,C4
6.78,3.1,4.85,4.38,2.28,C2
11.0,7.22,9.27,3.27,4.67,C3
0.0,7.72,9.7,3.48,1.98,C0
0.0,5.13,5.59,11.14,9.3,C3
7.55,7.8,6.67,7.28,4.38,C0
5.69,3.62,7.62,3.2,2.43,C4
5.21,0.0,1.5,1.58,6.86,C4
0.0,0.0,0.0,1.48,4.79,C4
5.61,3.55,3.75,3.29,7.21,C1
7.55,5.43,6.17,5.78,0.0,C2
2.9,7.31,0.0,5.03,4.98,C2
8.42,5.23,9.23,3.21,2.31,C1
16.26,1.85,13.31,12.64,5.0,C2
10.88,1.77,3.7,6.52,9.54,C1
0.0,6.73,1.65,3.14,2.33,C1
10.65,4.84,13.15,13.08,4.54,C2
5.45,5.35,7.4,13.0,0.0,C1
10.8,1.81,10.75,9.68,21.41,C3
0.0,1.66,3.19,5.86,2.28,C2
11.98,1.84,3.36,9.16,2.15,C4
11.29,0.0,11.4,5.06,7.58,C0
4.88,6.87,11.89,5.99,2.22,C1
8.11,5.1,7.23,18.62,0.0,C1
15.18,6.29,13.16,10.92,7.06,C0
2.87,5.53,0.0,2.61,2.43,C4
7.87,3.28,3.47,10.69,2.26,C3
2.66,0.0,0.0,1.67,4.4,C4
5.5,1.74,3.59,1.6,2.44,C2
0.0,0.0,0.0,0.82,0.0,C3
14.56,1.87,1.78,3.45,0.0,C2
5.49,12.8,7.18,3.29,4.75,C3
14.14,8.98,5.5,12.85,12.21,C3
7.33,1.67,0.0,7.17,0.0,C3
0.14,1.67,1.75,7.06,0.0,C1
8.17,8.81,16.52,6.49,4.71,C2
8.33,3.19,0.0,6.86,4.13,C0
5.47,9.06,5.57,9.87,4.92,C2
10.79,3.52,0.0,4.73,7.24,C4
2.89,7.4,7.53,10.14,7.51,C1
11.42,2.1,14.28,11.22,8.54,C2
0.0,8.88,3.78,3.11,4.93,C0
5.53,1.77,3.67,8.09,0.0,C3
2.78,5.96,4.83,8.0,2.28,C3
11.41,9.22,21.12,13.27,12.59,C3
5.38,12.22,9.16,8.09,11.55,C4
14.33,1.8,15.24,6.17,2.51,C2
0.0,1.32,4.4,2.6,3.47,C4
5.63,5.26,5.27,11.26,4.83,C3
5.2,5.14,1.88,4.44,2.47,C1
1.18,1.15,0.61,8.11,0.0,C3
2.57,3.52,6.89,3.04,4.46,C2
5.07,3.25,4.74,4.5,0.0,C1
2.71,1.81,3.66,12.9,0.0,C2
8.43,1.75,1.93,14.81,0.0,C1
10.96,3.44,7.2,3.27,2.24,C3
5.64,7.02,12.95,7.47,7.51,C4
2.61,6.78,3.45,6.25,9.47,C1
11.05,7.08,8.98,14.44,8.98,C1
0.0,0.0,0.0,5.74,0.0,C4
6.36,6.66,2.63,7.56,5.71,C2
2.52,1.62,1.5,6.63,0.0,C1
2.81,1.46,0.97,5.04,3.04,C1
0.0,0.0,0.0,3.29,2.47,C0
14.65,6.53,8.37,2.74,2.51,C1
2.51,0.0,1.64,1.57,5.36,C4
9.98,6.4,6.35,8.72,4.41,C4
11.43,5.47,11.31,1.68,2.5,C2
16.53,5.21,9.08,6.37,7.21,C2
2.71,3.35,3.73,1.58,2.29,C1
18.78,0.0,3.45,6.36,0.0,C2
2.89,8.85,11.22,5.04,14.53,C4
20.62,12.75,20.72,26.19,8.78,C1
5.68,3.53,9.4,1.67,2.44,C1
5.87,14.69,5.82,5.93,4.99,C2
16.0,0.0,7.35,6.14,0.0,C0
0.0,0.0,7.3,3.28,0.0,C2
2.46,1.72,11.99,4.57,8.66,C3
5.43,3.54,3.65,3.3,0.0,C2
10.94,1.79,7.48,1.67,4.76,C1
8.71,7.37,17.07,11.59,7.31,C3
2.44,4.61,0.0,5.77,0.0,C1
1.24,2.85,2.66,4.25,0.0,C1
2.93,5.42,9.41,9.97,0.0,C3
2.92,7.41,5.69,8.47,1.58,C2
14.18,3.5,13.25,9.99,9.8,C1
7.41,4.24,8.68,5.25,1.91,C2
11.11,5.17,8.96,9.73,4.61,C2
16.44,7.2,8.44,6.1,1.92,C3
5.51,0.0,7.41,12.93,0.0,C3
11.67,7.44,9.62,13.32,2.54,C1
0.0,3.25,1.77,3.25,4.65,C1
11.42,3.64,11.5,6.72,7.54,C3
2.65,4.33,1.79,5.32,1.95,C1
2.59,1.68,1.5,2.7,2.16,C0
5.42,1.78,3.52,7.79,2.27,C3
21.13,11.44,12.04,15.47,11.51,C4
2.75,7.15,16.44,11.16,0.0,C0
2.38,0.45,0.78,2.86,0.5,C4
5.71,7.28,7.72,5.08,9.87,C4
5.13,3.17,3.41,4.46,3.84,C0
2.89,3.7,9.61,8.44,10.15,C2
10.62,5.28,3.61,13.42,2.42,C3
4.85,6.24,10.71,4.41,3.87,C1
5.83,13.1,9.59,6.76,5.0,C1
12.61,10.02,13.03,17.31,7.33,C4
0.0,3.66,1.93,6.64,4.98,C1
5.38,11.74,6.58,12.36,8.37,C3
8.02,5.18,10.98,17.18,4.5,C4
5.88,3.7,9.75,6.85,2.53,C3
8.6,3.67,0.0,8.36,7.32,C0
14.1,14.82,19.2,14.99,22.45,C0
11.56,9.17,11.52,8.41,15.04,C1
0.0,1.75,7.27,8.06,2.4,C4
8.32,1.44,7.85,6.18,4.1,C3
0.0,4.81,1.74,6.26,4.56,C4
2.85,0.0,1.82,1.64,6.91,C4
8.46,3.63,7.57,3.37,2.44,C1
2.73,1.82,9.39,5.03,0.0,C0
8.15,5.23,8.82,7.35,2.42,C1
3.68,1.36,2.78,1.31,3.72,C0
13.38,8.85,8.41,15.04,2.38,C2
2.56,4.23,1.6,7.34,7.34,C1
15.36,5.21,9.03,9.62,6.71,C4
4.03,3.88,1.5,8.89,1.01,C1
7.86,6.41,1.79,7.43,2.31,C3
8.61,5.54,23.09,3.41,7.58,C1
2.86,0.0,0.0,1.68,5.02,C4
4.45,7.49,8.95,7.13,3.59,C0
14.36,18.31,19.18,6.64,17.34,C4
4.35,3.52,6.84,6.06,0.0,C2
5.26,7.96,3.09,6.77,8.48,C3
0.0,3.08,3.14,2.84,1.98,C4
2.76,13.02,5.72,4.15,0.0,C1
6.92,8.66,6.02,9.55,4.23,C3
5.62,13.87,10.75,12.95,16.82,C4
2.29,3.44,4.41,6.83,0.0,C2
7.62,4.75,6.6,14.83,8.92,C2
5.68,3.57,5.55,8.32,2.37,C2
14.31,5.35,16.82,6.48,4.89,C2
2.74,1.76,1.64,4.73,4.82,C4
7.19,1.25,4.73,2.91,0.0,C1
22.61,13.5,21.16,18.53,9.44,C1
0.0,4.67,1.77,2.8,2.18,C1
0.0,0.42,0.0,1.33,0.0,C3
0.0,1.8,5.67,1.67,4.89,C4
11.26,1.8,11.22,6.52,4.88,C2
8.59,1.69,0.0,4.98,0.0,C1
2.82,5.35,5.57,20.78,0.0,C3
11.47,7.24,7.61,9.83,2.36,C2
20.15,10.95,5.57,23.29,2.53,C1
14.39,25.79,20.94,15.17,27.63,C1
2.89,8.65,1.84,8.21,0.0,C1
0.0,0.0,0.0,1.09,0.0,C3
8.61,5.36,1.73,9.98,2.44,C3
0.0,1.78,1.91,4.99,2.4,C4
12.97,4.93,14.36,9.02,4.52,C1
4.78,4.28,5.88,12.91,2.02,C3
5.62,3.56,7.4,9.78,2.35,C1
0.0,3.67,0.0,5.02,4.67,C1
7.99,4.65,0.0,6.11,4.51,C4
22.85,14.83,18.97,23.21,7.48,C3
3.93,1.47,0.0,10.5,0.0,C3
4.85,4.98,10.22,2.99,2.35,C0
5.59,3.21,0.86,2.88,0.0,C3
8.23,1.38,6.95,7.8,0.0,C0
4.03,6.68,4.74,10.49,4.71,C3
7.62,5.33,5.76,13.63,0.0,C2
13.29,6.57,10.19,12.68,2.16,C1
9.85,1.71,7.08,4.58,6.74,C2
17.32,7.46,11.57,10.21,12.71,C3
8.66,3.64,11.5,8.5,5.01,C1
2.18,6.96,4.23,10.41,4.07,C4
3.97,3.0,2.57,3.33,1.56,C2
5.39,9.03,16.62,13.0,7.34,C4
6.73,0.0,1.43,1.34,2.11,C0
2.6,0.0,0.0,4.59,0.0,C3
14.0,5.46,1.89,9.97,0.0,C1
8.34,5.25,19.24,3.24,0.0,C2
5.77,5.55,3.77,9.91,9.87,C3
5.08,6.84,1.66,7.27,1.87,C4
2.78,1.83,0.0,1.59,4.95,C1
2.81,5.32,3.66,3.17,4.64,C1
8.62,14.3,7.53,14.69,12.27,C0
5.0,4.8,12.65,8.97,11.27,C1
19.14,24.23,26.56,15.67,27.94,C3
7.48,5.33,4.89,5.25,8.06,C4
2.65,10.21,7.47,6.35,11.98,C1
0.0,1.58,0.0,3.25,2.48,C1
15.14,5.03,10.56,14.47,3.49,C4
0.0,1.74,0.0,3.41,4.66,C3
2.25,0.95,0.0,1.16,2.61,C2
15.44,7.79,5.26,17.11,6.52,C2
2.88,1.64,1.77,3.22,4.64,C3
20.24,19.96,22.68,15.13,10.04,C1
0.0,8.09,8.72,9.58,8.33,C4
7.07,0.0,4.62,9.21,2.02,C3
13.69,8.89,6.99,9.72,2.4,C0
13.7,1.72,8.98,9.41,4.73,C4
40.39,27.67,40.09,38.72,37.43,C4
4.74,6.92,9.34,6.48,4.69,C0
0.0,3.6,11.27,8.29,0.0,C1
8.48,12.69,14.93,18.02,7.49,C0
8.12,7.59,6.14,3.05,8.23,C2
18.96,8.48,15.73,17.42,7.21,C4
2.93,1.83,1.93,5.04,5.07,C3
16.08,8.5,13.53,8.48,13.9,C2
0.0,1.31,6.6,3.32,2.33,C2
2.71,1.79,3.7,3.2,2.45,C1
2.6,0.87,1.61,8.16,0.0,C4
2.25,0.0,1.55,13.44,0.0,C0
8.51,0.0,7.36,3.23,2.4,C0
3.97,2.96,4.15,8.27,1.71,C4
0.0,1.83,1.94,8.52,0.0,C3
4.6,3.64,4.08,2.14,0.39,C2
5.47,0.78,0.39,1.74,3.65,C4
0.0,5.13,3.62,3.33,6.72,C4
4.48,1.36,1.39,2.81,9.38,C3
0.0,0.07,0.0,1.32,0.0,C2
7.9,1.67,4.94,10.43,1.14,C3
2.7,2.19,1.91,3.96,0.99,C3
2.9,11.14,7.78,5.01,5.04,C2
5.67,3.65,12.79,14.98,2.47,C2
8.77,7.49,21.13,11.86,7.57,C4
2.85,0.59,1.86,1.7,1.12,C4
2.28,3.22,4.56,4.68,3.65,C4
5.63,1.61,7.3,3.25,2.37,C2
0.0,1.68,1.39,7.36,0.0,C3
4.94,4.87,3.31,6.2,2.44,C2
0.35,0.0,0.01,0.15,0.0,C0
1.89,4.8,2.59,8.37,2.22,C1
1.9,2.03,0.97,4.04,1.46,C3
8.28,19.29,11.65,9.49,11.6,C2
8.57,8.99,5.59,12.77,9.87,C2
15.11,6.87,8.63,12.49,2.14,C3
7.19,8.02,3.92,2.27,0.0,C2
7.51,1.79,12.82,4.29,6.93,C1
8.29,14.02,3.73,10.4,14.27,C1
5.53,6.88,1.71,10.98,2.38,C1
2.82,3.58,7.26,3.3,0.0,C4
5.81,3.67,5.79,11.68,0.0,C0
15.59,3.38,4.99,4.63,2.24,C3
0.0,0.0,0.0,1.47,0.0,C3
5.09,8.64,6.69,9.31,3.83,C2
0.0,3.51,8.45,4.73,4.62,C2
5.62,1.74,3.53,11.18,0.0,C3
5.72,1.84,0.0,1.68,2.49,C1
2.18,0.0,0.5,2.54,0.0,C2
9.12,1.76,7.29,7.47,4.77,C2
0.0,1.67,12.61,4.67,0.0,C2
5.2,1.8,3.42,3.35,0.0,C3
0.0,4.74,6.52,5.61,2.23,C1
3.57,1.68,1.85,7.58,1.42,C3
2.71,12.68,3.57,5.82,6.78,C1
1.69,2.78,5.6,7.09,5.76,C4
6.77,3.84,6.37,7.8,4.59,C4
5.61,1.76,1.83,10.15,0.0,C3
0.0,0.0,5.54,4.92,2.31,C2
11.16,3.64,7.52,5.03,2.5,C0
5.4,3.42,8.83,11.04,11.68,C4
5.27,0.0,3.53,4.59,4.67,C2
2.78,0.0,5.49,4.84,2.4,C0
0.0,0.0,1.64,4.55,3.43,C3
1.47,0.0,0.78,2.82,1.51,C4
8.26,3.46,0.0,3.22,4.9,C1
2.86,5.3,5.63,4.98,7.4,C1
9.22,3.08,4.33,13.99,0.0,C2
2.47,3.54,6.99,3.17,0.0,C2
5.85,3.71,5.78,3.42,5.04,C3
4.72,2.72,6.93,11.06,1.03,C2
11.2,5.33,13.15,8.22,4.93,C0
5.84,1.85,3.84,10.08,0.0,C3
18.79,16.91,26.29,20.77,15.94,C4
2.79,3.33,9.16,3.19,2.44,C2
20.15,18.48,32.63,25.29,15.03,C1
0.0,0.0,1.09,3.91,1.27,C4
5.73,3.46,3.69,14.45,0.0,C3
2.79,1.66,5.28,3.26,7.06,C1
9.85,12.01,10.6,2.74,1.97,C1
11.51,7.29,21.1,5.05,0.0,C2
2.51,4.3,3.51,6.31,0.67,C3
15.24,1.79,5.66,7.74,0.0,C1
13.38,10.06,10.91,14.46,11.67,C0
7.77,1.72,5.36,10.5,0.0,C0
6.98,5.12,2.95,8.11,3.97,C0
2.06,0.0,0.87,3.96,1.65,C4
0.0,0.0,1.88,5.08,5.01,C3
0.0,1.73,8.96,7.76,2.47,C1
4.51,0.0,4.77,9.37,0.0,C3
2.56,0.0,0.0,1.51,4.52,C4
11.96,9.94,8.97,10.54,5.63,C1
8.43,7.45,7.81,6.62,5.08,C2
7.57,12.16,7.95,12.3,3.59,C2
11.42,3.61,7.23,4.96,4.92,C2
5.53,15.53,12.28,12.58,14.12,C4
11.22,8.71,8.72,12.76,2.44,C1
2.41,1.72,2.52,4.92,0.0,C1
8.01,8.71,8.55,18.54,6.91,C2
11.03,1.77,1.86,9.44,7.27,C3
8.38,7.26,9.46,8.27,4.85,C2
2.74,6.82,5.5,8.08,0.0,C0
5.17,0.0,1.73,4.69,2.41,C0
8.02,1.85,8.96,6.24,4.77,C1
9.38,4.69,9.51,5.63,5.42,C3
13.53,6.93,18.09,14.8,11.77,C1
5.83,10.94,18.9,8.28,4.79,C1
2.5,5.56,2.76,6.77,3.91,C1
14.38,8.36,9.61,7.45,3.58,C2
1.62,1.74,2.47,8.05,0.0,C2
0.0,6.46,5.79,3.63,7.76,C4
10.77,0.0,1.73,6.5,0.0,C3
5.54,5.36,3.6,4.58,2.31,C1
5.15,5.55,5.14,10.91,0.0,C1
16.78,19.06,16.47,24.61,14.59,C4
8.42,7.21,7.08,14.51,7.22,C4
7.69,13.88,9.72,8.55,8.94,C4
7.76,2.62,10.79,2.75,3.18,C2
0.0,9.22,7.64,5.01,9.95,C3
8.72,20.07,15.14,6.65,9.79,C1
5.51,1.73,5.51,7.96,0.0,C2
2.52,1.79,3.35,4.52,0.0,C0
7.33,3.04,8.44,7.8,2.16,C4
4.9,7.17,1.84,5.09,3.79,C4
5.5,6.91,1.79,11.11,0.0,C1
0.0,6.22,1.62,3.2,2.31,C1
9.76,10.78,10.12,2.35,6.29,C2
7.55,4.35,7.44,12.84,1.79,C1
0.0,0.0,5.58,1.64,9.74,C4
6.03,1.49,8.84,4.36,2.1,C2
13.74,5.28,16.46,14.35,9.63,C2
1.05,0.0,0.0,3.54,1.09,C0
5.48,0.0,5.06,3.86,2.29,C4
5.69,1.69,0.0,4.8,4.08,C4
5.38,3.52,3.25,4.84,4.66,C3
3.36,2.72,2.97,2.93,0.83,C0
2.9,3.74,0.0,3.24,2.52,C0
5.48,3.13,7.36,4.33,4.68,C4
0.0,0.0,0.0,3.32,7.15,C4
14.4,12.57,12.91,19.98,9.73,C2
16.93,5.46,7.45,3.31,2.47,C1
5.62,3.43,3.72,9.75,0.0,C4
8.59,1.8,15.11,4.95,7.44,C4
0.66,0.32,0.0,1.39,1.2,C0
5.28,1.67,3.66,4.77,2.46,C2
11.13,8.73,11.23,19.7,7.37,C4
9.61,7.25,6.61,15.02,0.0,C0
22.1,12.42,18.54,9.88,4.71,C3
17.36,11.5,13.69,13.24,11.67,C0
0.0,1.55,3.71,9.58,4.85,C3
2.32,5.67,8.04,13.49,0.0,C3
0.0,15.02,9.03,7.41,13.36,C0
0.0,0.0,2.47,6.47,2.05,C4
2.87,1.64,0.0,8.17,0.0,C1
1.48,0.64,0.0,0.92,0.0,C0
8.5,5.19,3.66,6.33,4.9,C1
2.71,4.51,4.78,4.27,2.26,C4
9.82,9.19,11.1,4.9,7.45,C0
11.01,3.24,1.84,11.49,0.0,C3
4.54,4.65,2.56,6.75,3.6,C2
31.38,20.12,34.16,20.13,24.86,C2
9.76,4.25,11.94,13.29,0.0,C3
2.53,5.0,3.44,1.56,2.27,C1
5.54,0.0,3.37,3.25,2.49,C2
11.1,1.7,5.11,10.77,0.0,C3
14.33,19.67,5.23,11.35,14.62,C1
11.29,10.86,3.8,9.59,4.9,C0
11.12,10.59,3.71,5.01,7.36,C0
22.42,24.62,32.95,26.1,32.74,C1
5.46,3.47,5.74,16.06,2.44,C4
12.82,7.96,17.81,19.62,6.01,C3
19.43,13.81,21.83,24.34,9.32,C2
23.91,15.16,12.62,17.23,6.55,C1
0.0,1.47,3.3,9.0,0.0,C1
8.61,10.92,3.88,11.73,2.3,C1
8.77,3.74,7.82,10.27,12.7,C2
12.9,12.07,15.16,15.81,13.2,C2
14.13,14.57,9.44,20.03,9.98,C0
4.39,0.0,0.0,8.51,0.0,C0
2.78,1.98,1.58,4.23,0.0,C1
2.75,5.28,5.31,7.71,4.61,C4
8.68,16.26,16.81,8.23,21.95,C1
12.66,10.05,8.72,13.42,8.91,C1
2.87,5.43,7.47,15.06,0.0,C3
4.27,3.34,1.12,3.76,3.44,C3
9.55,6.44,12.75,8.78,8.37,C2
5.19,3.52,1.56,3.26,0.0,C2
5.15,6.28,1.68,4.24,1.01,C1
11.46,8.84,13.15,8.22,11.7,C1
14.15,7.35,15.25,8.19,4.95,C0
15.89,13.95,13.84,18.91,13.96,C2
2.91,1.75,5.35,8.27,0.0,C3
8.71,3.46,1.86,6.76,7.43,C4
8.53,3.57,7.4,6.6,0.0,C2
2.83,5.45,1.9,3.36,9.64,C4
0.0,0.0,0.0,1.62,2.37,C4
5.74,3.55,7.27,9.84,2.39,C2
6.44,9.73,3.39,12.05,0.0,C3
18.12,5.05,12.12,12.05,9.42,C2
13.99,5.48,13.19,8.25,0.0,C3
4.51,3.44,3.33,7.09,0.0,C1
12.07,9.17,14.75,8.4,6.49,C2
17.03,12.73,18.8,21.68,9.56,C2
18.07,1.7,3.43,3.1,4.5,C0
5.29,5.06,1.68,6.03,7.1,C3
0.0,1.73,1.84,4.95,2.39,C4
0.0,0.0,3.55,4.42,2.37,C4
2.82,5.24,0.43,6.63,0.0,C0
2.79,5.19,10.54,1.57,4.87,C2
1.97,6.12,1.93,5.82,2.41,C1
2.61,3.67,1.7,6.56,4.92,C2
4.25,2.94,7.34,3.92,0.0,C1
5.45,1.66,5.21,4.48,8.84,C4
0.0,1.33,3.62,5.81,0.0,C3
4.54,4.57,5.4,4.46,1.52,C2
8.57,1.77,5.52,9.9,0.0,C1
2.68,0.94,2.05,0.14,0.21,C3
5.78,0.0,1.9,5.08,4.86,C3
13.89,1.79,1.88,4.83,4.88,C1
1.59,1.96,0.62,1.71,0.0,C1
2.58,1.7,3.29,5.6,2.23,C2
0.68,1.2,0.0,4.66,1.95,C4
0.04,0.22,0.0,0.97,0.67,C3
5.68,1.69,7.61,6.63,4.92,C1
2.44,1.57,1.73,4.53,4.21,C4
4.98,1.38,5.03,3.06,0.0,C2
1.88,0.91,0.0,2.54,3.79,C0
2.62,3.41,4.01,5.35,0.0,C3
5.59,1.86,1.95,6.53,0.0,C2
5.31,5.69,1.7,4.46,6.13,C1
11.24,1.81,1.84,5.02,0.0,C2
5.81,4.18,7.72,3.34,5.07,C2
8.17,3.49,3.71,9.55,0.0,C3
4.98,1.24,3.18,9.76,0.0,C3
5.66,3.43,1.65,9.68,2.12,C4
5.54,3.4,5.08,4.82,2.41,C1
2.93,5.49,7.71,3.34,4.99,C3
10.63,9.26,11.77,4.79,2.37,C2
5.58,7.18,3.81,6.71,4.87,C1
10.87,10.91,14.81,12.85,7.25,C2
8.63,3.69,3.79,3.36,0.0,C0
5.25,5.32,5.55,1.66,2.45,C1
5.24,5.87,3.27,7.08,3.78,C4
6.07,6.35,6.11,12.92,3.21,C3
7.45,8.29,7.58,10.46,8.84,C2
9.66,6.01,4.8,1.65,0.0,C0
0.0,1.85,5.66,6.73,2.5,C2
0.0,5.21,5.17,6.35,14.31,C4
7.98,4.81,4.99,11.8,0.0,C1
5.57,3.65,11.24,14.7,7.26,C2
8.34,0.0,3.58,6.57,0.0,C2
5.66,5.55,3.72,11.5,2.54,C2
2.64,1.8,1.83,2.82,6.65,C4
5.42,2.69,1.3,4.89,2.1,C4
2.79,0.0,3.76,8.18,4.87,C4
13.96,19.26,7.41,36.74,4.97,C2
11.39,3.71,0.0,10.15,2.4,C3
3.54,4.51,2.85,8.47,0.0,C2
2.8,5.33,1.88,3.35,0.0,C1
0.0,0.0,0.0,3.17,2.34,C4
9.22,6.38,11.74,19.78,4.12,C3
9.9,14.27,16.6,5.44,6.02,C4
0.0,0.0,1.46,4.67,4.64,C4
5.63,7.16,5.56,9.82,4.77,C3
2.72,8.68,3.38,1.59,2.5,C0
16.07,3.49,9.16,7.93,4.96,C3
1.76,4.07,8.44,11.93,1.88,C3
5.14,3.14,7.7,4.65,0.0,C2
8.03,1.72,5.06,11.12,0.0,C3
8.5,3.5,6.98,13.17,2.22,C1
6.41,3.27,2.34,9.78,1.78,C2
5.62,4.96,0.0,1.66,0.0,C1
6.54,8.02,8.06,12.3,3.58,C0
17.18,0.0,5.65,3.36,4.7,C2
2.85,1.73,1.81,3.21,6.91,C4
5.21,2.76,1.6,7.45,2.35,C1
2.44,7.06,3.43,4.37,2.47,C1
3.68,0.0,0.89,1.45,6.55,C4
5.69,3.57,1.93,3.17,0.0,C1
5.65,3.36,5.54,13.04,2.33,C3
0.0,0.0,0.0,3.21,4.7,C4
5.21,4.85,3.5,9.51,2.01,C1
5.83,3.76,5.79,5.09,0.0,C1
2.57,3.58,3.41,5.88,4.34,C2
2.91,5.65,7.69,10.22,0.0,C1
2.91,5.35,5.41,7.2,0.0,C2
0.0,0.0,4.83,8.85,0.0,C3
11.29,10.73,5.45,6.43,9.68,C1
10.84,0.0,8.97,7.94,4.77,C2
0.0,1.67,2.58,6.85,0.0,C1
5.71,3.62,1.84,4.83,2.48,C3
19.79,3.53,13.28,11.67,5.01,C3
10.01,0.0,7.87,5.8,6.5,C2
11.21,7.18,20.99,18.39,2.55,C2
5.48,5.32,9.23,3.22,2.44,C1
2.14,3.3,1.62,7.65,0.0,C1
14.54,16.81,13.56,6.76,20.29,C0
0.0,0.0,1.94,6.59,4.9,C3
4.77,3.92,1.54,5.17,4.15,C3
11.44,5.61,5.6,8.23,12.09,C0
8.42,7.42,15.34,10.09,12.53,C2
13.62,11.03,21.89,16.83,15.52,C2
5.66,3.56,5.68,13.2,0.0,C3
16.73,3.63,15.13,3.35,4.9,C3
0.0,3.43,3.65,1.62,0.68,C1
11.33,3.67,7.51,6.57,2.37,C4
5.8,0.0,3.76,6.14,2.34,C2
5.62,3.51,1.88,6.42,4.87,C3
2.38,0.0,1.74,1.57,4.64,C1
13.28,3.58,7.38,3.27,0.0,C2
8.13,0.0,5.39,8.88,2.28,C0
0.0,3.42,1.75,3.27,2.43,C2
7.8,6.85,10.42,15.54,2.35,C3
8.56,5.48,7.64,11.64,0.0,C1
10.38,4.6,6.06,8.12,0.0,C0
1.28,0.36,1.05,3.37,0.0,C0
2.09,7.01,12.43,5.82,7.45,C4
2.46,0.0,1.31,3.21,2.38,C2
2.9,5.57,1.92,3.38,2.42,C2
8.64,1.87,1.93,3.35,2.47,C0
13.77,7.07,21.92,12.81,14.44,C2
2.54,3.04,8.37,11.68,4.07,C4
8.39,3.52,9.29,17.87,12.26,C4
2.92,3.75,3.85,8.49,5.01,C3
21.62,17.38,23.77,25.78,12.01,C3
5.3,0.0,3.49,1.55,4.56,C0
10.73,11.95,10.09,4.34,11.2,C1
8.57,9.08,3.79,8.39,9.94,C4
5.8,11.26,5.83,16.97,5.11,C3
7.27,3.35,3.05,13.63,5.15,C3
19.36,12.67,18.56,16.44,4.85,C1
0.0,0.0,0.0,1.5,2.32,C4
3.74,2.18,6.4,2.55,3.79,C2
2.91,3.75,3.88,5.14,0.0,C1
9.92,8.4,8.4,13.63,2.12,C2
5.83,3.68,9.51,10.06,4.95,C2
2.87,1.77,7.47,4.97,2.46,C1
5.63,3.74,7.67,10.13,0.0,C2
0.0,1.28,0.55,5.93,2.48,C3
9.06,3.08,5.51,7.83,5.2,C2
2.66,0.0,1.75,3.11,2.39,C2
13.71,21.99,7.13,6.44,16.51,C4
0.0,4.83,6.98,6.53,7.09,C4
5.72,21.82,15.13,15.09,12.11,C1
13.4,7.22,9.01,11.26,0.0,C1
17.38,14.83,25.0,11.73,27.46,C1
2.2,0.0,0.0,2.88,2.31,C3
5.36,6.13,4.9,3.12,3.93,C2
4.68,0.91,0.0,2.3,0.0,C3
0.0,1.31,4.48,7.1,4.25,C1
2.88,0.0,0.0,3.45,2.53,C0
5.7,1.73,1.83,8.55,2.54,C1
9.95,3.04,10.68,14.48,0.0,C3
5.63,3.69,0.0,5.04,2.42,C4
7.47,3.43,6.84,3.25,0.0,C0
7.27,8.91,3.93,15.28,6.18,C3
7.7,0.0,1.63,3.27,4.57,C0
0.0,5.47,12.29,9.81,9.46,C2
4.74,3.19,5.47,6.4,1.27,C2
10.63,8.5,20.52,10.59,6.33,C2
6.82,3.32,5.39,3.97,1.19,C4
8.62,0.0,9.48,5.04,7.46,C2
8.38,3.68,3.85,5.05,4.92,C0
4.95,9.21,4.12,6.66,7.37,C1
11.52,1.85,3.79,3.25,2.5,C0
2.71,3.41,3.55,4.45,0.0,C2
2.92,5.56,3.83,3.41,2.53,C2
14.29,5.55,11.56,5.04,2.53,C3
8.13,3.4,12.66,6.51,7.2,C3
2.85,0.0,3.8,5.0,2.5,C3
11.44,5.52,3.82,11.8,10.06,C0
0.0,1.73,3.83,6.45,4.65,C2
4.47,3.08,6.16,5.41,6.01,C4
14.08,9.15,5.55,8.35,4.9,C1
5.51,0.0,0.0,1.67,4.86,C4
12.54,0.0,10.37,2.88,4.42,C2
5.45,5.16,1.74,9.35,4.42,C1
2.64,0.0,0.0,4.78,0.0,C3
0.0,0.0,0.0,1.68,7.53,C4
11.48,1.85,3.69,1.69,2.5,C2
11.52,9.26,5.84,8.53,7.44,C1
5.18,6.96,3.67,4.77,0.0,C2
2.88,3.73,7.77,6.81,2.51,C0
5.75,9.06,13.46,9.96,0.0,C1
5.55,1.78,5.43,6.35,7.15,C0
2.71,2.84,1.64,6.04,2.41,C0
0.0,14.95,11.61,8.58,15.25,C4
8.23,8.94,9.37,4.98,0.0,C1
2.88,9.26,3.84,5.81,2.53,C0
2.37,1.7,1.61,6.34,1.74,C3
2.87,5.48,9.2,11.6,2.43,C2
8.3,0.0,5.38,4.9,4.87,C2
8.76,3.7,7.74,11.76,4.92,C3
7.34,6.57,9.69,7.11,8.66,C2
5.64,1.77,5.43,6.62,2.47,C4
5.15,2.83,0.0,3.96,0.0,C3
0.0,5.32,5.01,7.64,2.34,C3
2.68,5.59,3.83,5.46,0.0,C3
0.0,5.31,3.12,12.36,0.0,C1
5.67,9.05,9.32,9.37,4.74,C2
6.83,4.67,3.48,10.57,0.0,C3
8.41,1.81,3.77,10.77,0.0,C0
5.29,1.45,7.01,2.55,2.44,C2
1.36,4.29,2.97,2.79,0.47,C2
5.62,16.46,7.72,8.37,10.02,C4
5.63,3.48,7.04,3.05,4.78,C1
0.0,0.5,3.5,7.38,1.66,C3
2.34,1.65,10.1,6.19,0.0,C2
5.15,9.84,5.34,6.09,8.98,C3
2.74,5.81,1.51,4.24,8.42,C3
8.16,4.8,8.89,9.84,0.0,C1
5.41,9.03,18.8,6.62,14.7,C1
2.71,3.78,6.4,8.74,1.92,C2
6.92,1.79,3.35,4.64,4.57,C3
5.7,5.6,3.85,5.06,0.0,C3
2.69,2.96,3.36,9.23,2.15,C1
6.05,2.7,9.62,13.35,5.17,C1
0.0,9.22,0.0,3.37,7.47,C1
5.75,8.99,1.92,1.66,4.89,C0
14.2,5.49,16.75,9.89,4.92,C3
7.96,7.17,6.49,13.82,12.4,C3
0.0,5.06,5.43,9.69,2.32,C3
2.45,1.43,0.0,4.46,0.0,C1
8.22,1.48,0.0,4.78,2.25,C3
7.03,0.0,0.0,3.1,4.92,C4
20.06,3.55,16.66,9.88,7.24,C2
2.87,4.48,8.88,14.13,1.34,C1
2.12,3.43,4.84,4.41,2.17,C2
2.6,7.22,1.9,9.8,7.32,C0
22.7,12.42,24.5,24.47,4.87,C4
9.63,4.83,9.95,13.64,0.0,C3
0.0,5.16,5.53,3.24,4.56,C4
8.36,15.29,15.08,12.36,11.43,C2
5.73,7.06,3.61,11.53,10.0,C2
0.03,0.22,0.0,1.38,1.74,C3
2.65,3.34,1.64,3.11,0.0,C1
24.04,19.0,32.47,22.16,30.41,C2
5.64,5.39,5.64,9.82,0.0,C3
25.78,12.95,26.77,13.32,15.0,C2
2.82,3.7,1.9,9.85,2.42,C2
0.0,4.26,2.99,2.96,1.46,C4
2.53,1.77,1.85,1.64,4.74,C1
24.83,19.16,16.09,16.09,19.13,C0
3.77,0.64,0.0,2.33,3.92,C4
7.23,1.54,1.57,4.68,0.0,C3
2.64,6.14,7.97,9.11,4.53,C2
11.24,6.22,5.16,15.88,4.62,C2
15.74,8.9,17.71,16.22,8.2,C2
10.42,11.21,8.7,10.96,6.96,C1
11.16,5.19,10.99,6.5,6.9,C1
2.75,9.0,1.84,3.34,4.77,C2
11.33,9.08,3.73,3.39,0.0,C1
7.81,6.9,8.75,6.2,4.6,C1
4.91,1.38,8.05,1.5,2.14,C2
0.0,4.62,1.65,6.0,0.0,C2
11.07,3.58,9.14,8.22,2.43,C2
5.12,6.41,3.49,4.87,2.05,C2
2.77,3.05,3.28,9.09,2.03,C2
11.21,7.1,10.73,7.94,7.01,C2
7.62,1.74,0.0,4.38,6.57,C0
1.96,0.7,13.31,9.33,1.5,C3
8.47,5.47,10.6,17.91,4.72,C4
11.15,3.61,5.55,8.22,7.26,C4
2.79,10.61,7.15,8.21,14.67,C3
2.41,3.5,3.71,3.17,0.0,C2
5.53,6.96,1.79,4.88,2.35,C0
3.56,3.48,2.22,6.82,2.41,C4
2.62,5.3,5.51,4.7,2.36,C2
5.71,7.28,15.17,8.24,12.22,C4
5.27,5.14,5.16,9.58,2.31,C0
2.88,3.72,3.84,6.71,0.0,C3
5.08,3.36,1.32,2.75,1.9,C2
6.94,3.04,7.91,4.24,2.13,C2
6.61,1.38,2.97,1.82,3.6,C2
0.0,4.56,6.72,2.53,4.4,C1
11.37,10.86,20.72,9.8,12.21,C1
4.81,1.78,3.38,4.1,1.02,C2
2.84,0.0,0.0,3.28,2.48,C4
13.77,0.0,7.18,4.09,7.01,C0
6.43,1.41,1.16,5.51,3.15,C4
0.0,1.6,3.52,7.1,0.0,C3
5.11,8.39,3.54,2.64,2.17,C2
3.64,2.49,0.33,3.75,0.0,C3
5.29,6.69,6.85,14.32,2.19,C2
13.64,1.76,11.46,6.82,2.22,C1
4.84,4.72,5.91,7.38,2.33,C4
2.33,0.0,0.0,3.08,4.51,C3
8.57,17.77,7.46,14.74,19.61,C3
0.0,2.55,1.25,2.18,0.0,C1
0.0,2.88,3.84,4.62,1.84,C1
2.6,1.6,0.0,2.82,6.74,C4
0.0,0.0,5.5,1.67,2.48,C2
2.9,7.44,3.89,5.1,12.62,C1
5.46,3.37,3.42,4.79,4.81,C4
2.24,2.78,0.0,6.91,0.0,C1
0.0,1.26,0.97,4.29,1.4,C0
10.7,6.64,5.16,9.39,6.91,C2
8.11,0.0,7.07,8.03,9.37,C2
13.94,7.05,11.06,6.55,2.51,C3
7.79,7.72,4.61,10.56,8.47,C2
0.0,1.38,1.92,11.46,0.0,C2
13.07,0.0,8.21,9.56,4.7,C2
8.42,0.0,9.24,3.35,4.84,C2
7.04,3.97,6.53,1.73,5.36,C0
2.61,1.4,0.0,2.76,3.88,C2
0.0,0.0,5.17,7.17,1.64,C4
22.37,7.0,16.62,11.37,4.72,C1
29.39,31.83,37.06,22.21,46.02,C1
5.51,0.0,1.87,3.2,2.49,C0
2.74,7.12,5.51,4.95,2.46,C1
2.58,1.46,1.82,4.08,2.19,C2
6.02,1.79,1.04,4.35,2.12,C3
0.0,0.0,1.88,3.22,4.9,C2
9.62,0.0,6.81,6.81,3.79,C2
11.01,1.77,1.78,1.64,2.49,C0
0.0,6.39,1.74,6.31,4.84,C2
7.86,3.53,5.3,3.09,2.45,C4
11.21,0.0,1.82,3.2,2.47,C0
8.47,10.75,12.74,3.33,1.97,C0
5.7,3.72,3.76,3.38,12.51,C1
2.03,0.89,1.03,5.31,0.0,C3
5.31,7.47,8.59,10.37,1.58,C3
14.18,10.84,11.31,9.95,2.47,C2
13.97,9.16,10.87,14.09,6.0,C0
5.54,5.25,7.49,6.56,7.32,C1
17.31,9.03,15.18,6.69,14.7,C2
10.63,17.0,13.16,13.96,11.19,C1
12.29,3.35,9.85,10.11,8.09,C1
2.37,1.38,0.0,2.54,2.06,C3
4.69,2.93,7.73,13.33,0.0,C1
13.73,12.4,12.44,22.71,7.31,C2
13.92,5.29,11.04,4.91,7.22,C2
5.29,1.32,3.5,9.29,0.0,C2
2.81,3.63,0.0,11.25,4.83,C1
2.9,7.36,3.83,8.51,2.5,C1
11.2,3.55,5.46,3.17,2.4,C1
4.65,7.02,11.92,4.59,2.15,C1
4.81,3.12,3.08,4.64,2.36,C3
13.49,8.92,8.51,18.33,12.39,C2
1.91,0.0,0.0,1.55,2.51,C4
6.86,2.92,5.12,6.88,0.0,C2
22.16,15.43,18.59,11.58,16.59,C2
5.01,11.08,13.8,7.38,6.96,C1
0.0,1.49,0.0,7.74,1.79,C1
5.67,8.86,3.72,6.63,2.36,C3
8.44,3.61,11.47,4.96,5.02,C2
0.0,6.52,0.0,1.54,0.0,C1
7.8,1.64,0.0,5.57,2.22,C3
5.18,5.29,7.24,1.6,2.35,C0
4.99,1.59,4.95,1.46,4.48,C4
2.93,5.34,1.9,9.72,2.31,C3
16.56,10.79,5.53,5.01,12.19,C3
13.82,11.99,12.5,12.92,7.36,C4
8.57,12.6,5.68,10.03,14.5,C0
10.36,1.66,4.91,8.7,4.42,C0
2.78,3.08,3.69,4.5,0.0,C2
0.0,1.73,1.88,4.59,2.29,C3
4.36,3.23,11.8,3.17,1.58,C4
8.23,1.64,0.0,4.81,4.86,C3
0.0,1.48,1.62,5.81,2.32,C3
16.65,1.78,9.41,8.13,2.49,C3
5.71,3.47,5.67,14.97,0.0,C3
8.38,1.85,5.63,10.13,0.0,C0
2.93,1.79,1.93,3.35,2.55,C1
2.87,1.86,3.79,3.37,4.95,C2
0.0,0.0,0.0,2.79,0.0,C0
11.15,5.27,11.21,13.34,9.69,C3
5.4,1.72,1.78,4.34,4.88,C3
2.85,1.76,0.0,6.55,2.49,C4
0.23,0.38,0.55,0.49,0.0,C1
11.3,7.18,7.5,14.83,2.47,C1
19.4,12.36,22.17,15.76,4.59,C2
2.46,4.44,3.36,3.63,1.54,C1
21.74,27.76,37.84,15.58,37.63,C4
8.65,7.25,1.9,6.67,0.0,C0
2.74,17.61,14.44,14.5,19.11,C2
43.35,49.95,53.56,35.41,62.1,C1
2.81,3.04,6.09,4.46,4.29,C2
8.71,1.88,3.78,3.33,10.01,C4
0.0,1.76,5.1,4.7,2.51,C1
9.95,1.61,0.0,1.6,4.76,C0
5.34,3.07,13.24,7.73,6.83,C2
12.9,1.65,1.83,5.94,0.0,C0
12.13,10.83,12.72,7.02,5.73,C3
8.21,1.87,0.0,7.94,9.96,C4
8.26,4.68,7.4,6.98,3.72,C0
2.53,0.0,4.49,6.44,9.07,C2
0.0,0.0,1.81,4.83,4.67,C4
1.28,2.44,2.16,5.74,1.7,C3
0.0,0.0,1.74,3.27,2.46,C2
5.61,3.07,8.61,8.02,4.47,C4
18.18,20.47,17.18,25.76,9.2,C1
5.58,1.75,7.43,3.28,2.39,C2
26.0,27.43,24.55,14.65,27.37,C3
6.67,4.78,3.42,8.87,0.0,C1
5.16,1.78,3.19,9.27,2.42,C2
4.51,6.21,3.87,8.47,5.15,C3
15.46,5.06,15.47,6.25,9.06,C0
4.91,1.6,1.54,10.74,0.0,C3
10.7,8.64,9.06,8.92,2.44,C3
11.1,9.06,5.93,4.07,9.31,C4
5.72,5.37,9.38,10.0,2.39,C2
2.72,0.0,1.53,11.33,2.49,C4
0.0,1.53,1.85,7.83,0.0,C4
5.1,3.47,1.27,7.04,2.74,C3
7.31,2.91,5.46,2.46,4.21,C2
0.0,2.56,2.28,6.52,0.0,C2
2.82,7.14,3.54,3.19,7.08,C2
0.0,3.23,8.31,5.81,0.0,C2
2.89,1.86,1.92,3.35,2.51,C0
4.89,1.72,3.38,3.16,6.16,C4
5.42,1.76,5.43,4.85,2.36,C4
2.23,1.69,1.92,4.05,7.5,C4
10.42,8.06,17.43,9.86,6.56,C0
11.07,11.91,9.04,21.02,4.9,C3
16.66,17.3,12.66,16.39,9.55,C1
0.0,1.76,1.87,4.8,0.0,C4
8.53,3.54,1.85,11.41,0.0,C2
5.66,5.12,1.86,6.46,4.99,C4
8.27,3.58,3.61,8.04,2.5,C1
4.13,3.02,0.0,7.72,0.0,C1
2.74,0.0,5.43,1.59,4.31,C2
3.07,2.49,5.36,6.53,0.0,C1
0.0,7.16,1.33,7.94,3.85,C4
9.44,3.12,1.8,3.03,0.0,C0
9.57,4.26,10.04,10.79,11.98,C0
14.73,2.82,9.57,10.61,7.53,C2
25.19,12.53,22.33,13.0,14.41,C0
2.88,0.0,0.0,1.67,2.47,C0
19.66,14.26,18.28,24.25,2.41,C1
8.26,1.8,11.17,14.87,4.86,C2
10.95,3.69,6.42,3.53,5.37,C0
5.83,3.77,1.87,3.45,2.56,C3
0.0,3.75,0.0,3.88,2.34,C3
8.63,3.53,1.88,1.7,2.5,C1
1.89,4.0,2.26,5.6,1.88,C1
0.0,0.0,1.87,3.3,2.44,C1
3.87,2.9,0.73,7.79,0.0,C3
18.98,5.12,15.95,13.1,4.73,C2
2.79,1.77,1.85,3.22,2.33,C3
5.01,0.0,1.25,11.72,0.0,C3
2.32,5.01,4.76,6.07,0.0,C3
2.55,2.96,5.66,6.69,4.53,C4
0.0,3.79,6.79,7.15,0.0,C0
2.03,1.83,1.79,4.22,2.4,C4
2.83,3.64,12.97,6.55,4.89,C2
31.84,24.26,36.46,27.23,12.55,C2
10.53,5.19,12.42,6.21,6.8,C0
5.81,5.58,1.89,5.08,10.13,C4
9.38,4.16,9.82,15.37,2.04,C4
9.6,1.46,12.02,10.41,2.21,C4
2.11,3.07,5.45,3.03,0.0,C2
1.57,2.58,3.29,2.33,0.53,C0
14.28,2.91,2.41,13.61,5.44,C2
3.6,5.8,6.45,8.35,3.35,C2
0.0,5.31,3.74,8.16,4.87,C3
9.99,3.54,3.53,6.61,2.22,C1
8.06,0.0,5.49,3.31,2.46,C3
0.0,6.61,8.38,6.25,2.29,C2
14.21,10.83,18.78,13.02,9.57,C0
2.0,1.72,0.0,9.18,2.33,C4
2.43,1.49,3.28,3.13,2.46,C4
25.24,10.59,33.24,10.91,17.02,C0
4.95,3.31,7.08,4.75,4.56,C1
2.63,0.0,0.0,1.66,6.78,C4
8.16,5.03,7.2,3.23,2.44,C2
4.99,1.61,4.75,8.81,4.39,C4
0.0,7.24,7.59,3.37,2.46,C1
5.18,1.64,12.81,4.27,2.21,C3
10.36,4.86,8.12,7.11,1.92,C2
13.86,8.99,2.92,7.44,2.5,C1
11.24,6.91,10.65,19.21,4.79,C2
5.45,0.0,1.82,3.08,2.44,C0
5.6,3.65,11.2,6.69,2.48,C4
2.88,3.61,1.88,4.97,2.5,C1
8.12,8.34,1.85,8.66,2.07,C4
2.84,1.42,3.65,2.99,4.63,C1
8.63,6.36,11.54,11.06,2.09,C3
0.0,3.57,1.92,6.48,4.8,C4
0.0,6.83,3.29,4.66,2.44,C2
5.61,3.56,1.85,4.96,2.33,C4
13.52,0.0,9.07,7.76,2.49,C4
3.85,0.0,2.4,1.41,6.0,C2
8.47,9.68,5.54,6.4,12.03,C3
2.43,2.02,0.78,3.74,1.0,C2
6.59,1.62,2.85,6.74,3.72,C0
10.79,14.04,20.2,8.11,6.91,C2
0.5,0.0,0.0,1.47,2.27,C4
5.4,3.41,7.36,4.83,0.0,C0
8.7,14.65,5.71,9.62,9.93,C2
22.06,9.6,21.13,14.12,6.81,C2
2.86,3.62,7.46,8.36,9.96,C0
13.34,3.44,9.18,4.87,4.82,C2
16.55,7.22,14.54,6.02,2.47,C0
2.72,1.22,5.08,7.97,0.0,C2
0.0,7.03,0.0,3.34,0.0,C1
5.48,3.48,3.63,3.08,0.0,C1
11.04,1.83,0.0,6.5,0.0,C0
4.78,0.0,6.6,1.64,1.98,C2
11.47,7.35,5.71,9.96,12.37,C2
18.1,20.57,27.0,21.35,15.35,C1
14.55,13.14,3.72,5.14,2.56,C0
5.51,3.44,7.31,3.25,2.39,C1
3.72,0.48,4.58,10.17,0.0,C3
0.0,3.67,7.46,11.68,0.0,C3
4.59,6.27,1.65,8.63,6.63,C3
13.51,6.9,10.99,10.87,4.49,C3
8.17,3.51,3.63,4.81,0.0,C1
5.83,3.66,5.11,13.03,0.0,C3
4.74,6.26,10.43,6.95,2.1,C3
2.63,2.58,4.71,5.42,0.0,C0
5.38,7.06,3.5,20.57,0.0,C1
28.21,18.1,19.14,14.81,13.84,C4
2.75,8.54,9.18,7.91,4.41,C1
2.79,0.0,7.52,3.15,7.24,C4
13.03,1.74,5.26,4.66,4.74,C1
2.22,1.57,0.0,5.47,4.34,C0
6.18,5.8,16.75,7.11,4.13,C1
2.83,7.34,1.8,5.08,2.52,C1
0.0,6.43,4.38,8.43,1.59,C3
5.0,3.61,5.22,6.22,2.39,C2
0.0,4.65,1.6,2.78,1.97,C4
7.63,8.64,17.67,4.58,8.92,C3
11.27,1.82,5.78,6.75,2.53,C1
2.93,5.54,3.84,5.08,9.9,C4
5.54,8.57,7.26,6.51,2.31,C0
26.02,20.3,26.86,31.97,20.18,C3
2.89,3.39,5.23,6.5,2.16,C4
5.32,3.45,10.24,3.07,4.33,C2
7.37,1.79,6.83,3.15,2.17,C4
11.35,0.0,7.58,3.36,4.92,C0
9.95,5.56,13.64,6.11,2.56,C0
0.0,2.82,4.97,13.54,8.96,C3
0.0,5.31,3.65,5.97,0.0,C2
2.45,0.0,1.66,2.98,4.35,C0
7.59,6.4,15.6,10.25,6.38,C3
10.61,11.99,12.57,20.48,2.19,C2
16.44,14.31,15.06,8.13,12.1,C4
10.81,9.96,8.59,12.5,15.58,C4
0.0,1.87,3.82,6.72,0.0,C2
4.53,0.0,0.0,5.1,4.08,C0
2.63,0.0,0.0,6.28,3.88,C1
5.74,2.74,5.14,8.53,2.2,C3
7.29,1.58,10.35,2.7,0.0,C1
2.84,0.0,8.89,6.64,0.0,C2
2.71,3.4,0.0,3.04,4.9,C1
5.28,4.81,5.31,8.15,2.44,C2
1.12,3.26,1.58,4.12,0.0,C0
1.89,0.0,0.0,3.15,6.3,C4
5.35,5.38,7.49,4.73,4.59,C1
11.16,5.42,5.26,14.56,0.0,C1
5.26,3.56,1.84,4.93,2.38,C0
2.83,1.72,9.12,4.86,2.45,C1
26.87,20.7,28.67,30.05,23.75,C2
1.44,1.3,0.95,4.34,2.15,C0
2.38,0.0,1.37,2.68,4.24,C2
1.79,5.03,3.8,5.63,8.69,C4
11.07,10.3,5.44,4.42,4.08,C2
14.5,9.15,9.58,13.55,7.54,C2
2.17,1.25,1.39,7.73,0.0,C1
11.81,1.55,11.49,10.45,6.3,C1
5.74,1.82,14.95,4.98,0.0,C2
14.31,3.69,1.94,5.07,0.0,C2
11.58,1.85,7.63,5.08,7.52,C2
0.0,7.13,3.77,6.44,7.25,C2
11.38,3.54,3.58,1.64,0.0,C1
11.28,7.18,9.25,14.76,4.95,C2
1.75,3.32,4.68,1.67,3.12,C4
2.76,7.14,3.47,6.43,0.0,C2
2.79,1.75,5.43,12.74,2.35,C3
2.57,1.73,0.0,5.85,4.77,C1
0.0,0.0,8.38,4.57,1.94,C2
2.85,5.34,0.0,3.28,2.49,C3
5.75,9.32,7.55,6.69,2.44,C1
1.15,0.0,0.8,4.74,0.0,C3
15.01,5.02,7.78,7.76,4.35,C1
5.6,1.75,1.89,4.42,4.81,C3
8.81,1.69,1.45,12.12,0.0,C3
8.47,9.3,21.16,6.75,10.1,C2
7.91,3.18,3.61,2.83,0.0,C0
8.34,0.0,9.32,4.84,7.29,C3
5.29,7.85,9.8,9.19,8.06,C2
0.0,0.0,0.0,1.72,1.64,C4
6.27,4.18,4.3,8.61,4.91,C4
8.62,0.0,7.31,9.8,0.0,C0
11.13,12.97,11.93,10.83,14.18,C2
2.33,0.0,4.58,2.88,6.18,C4
2.76,5.51,3.8,4.99,2.46,C1
8.53,1.74,5.14,8.26,0.0,C4
30.51,34.1,41.36,26.66,41.79,C2
2.76,5.36,3.67,6.56,4.84,C4
2.85,2.46,2.34,8.28,3.56,C1
7.79,1.71,5.2,4.72,2.22,C2
2.79,1.77,8.36,13.58,2.23,C2
2.71,1.75,7.36,7.98,0.0,C2
1.81,2.62,3.91,6.82,0.0,C3
2.75,0.0,0.0,3.2,4.91,C4
2.6,3.43,6.59,8.04,0.0,C1
8.74,9.37,9.75,5.03,10.18,C4
0.0,1.7,1.87,3.06,4.79,C1
5.49,4.58,1.8,1.61,0.0,C1
2.65,0.0,2.79,2.59,6.39,C2
5.84,7.44,1.95,8.47,5.07,C4
6.96,2.91,1.25,4.71,1.21,C1
6.99,3.18,4.87,11.79,2.32,C2
6.87,3.3,0.0,9.65,1.86,C3
12.95,4.08,9.33,8.47,4.04,C1
0.0,5.48,3.74,3.32,0.0,C3
5.64,10.58,7.2,7.74,11.92,C4
2.19,1.48,1.48,4.04,0.0,C0
5.6,7.26,1.85,6.56,7.46,C4
0.0,3.5,1.26,1.45,3.4,C4
0.0,1.71,1.9,4.46,0.0,C1
8.68,1.85,5.76,10.2,0.0,C0
1.93,0.17,0.86,9.4,4.11,C2
13.6,10.62,9.15,11.16,11.76,C0
2.52,15.12,5.19,6.25,18.96,C4
20.02,21.89,22.86,18.43,22.45,C2
10.45,5.22,12.93,9.77,4.61,C3
0.0,1.74,1.73,4.19,0.0,C3
2.52,0.0,0.0,3.67,1.97,C1
5.35,1.51,0.0,3.11,0.0,C1
8.34,1.76,3.85,8.16,2.44,C0
5.67,3.51,1.9,6.48,2.38,C1
14.26,7.33,7.51,8.11,9.65,C3
5.19,1.74,3.34,5.62,2.34,C1
2.62,5.63,5.11,4.37,4.38,C2
2.37,8.59,7.43,4.61,2.18,C3
5.62,12.49,11.23,7.99,7.11,C1
17.17,7.13,11.36,20.12,9.95,C0
11.51,11.08,11.5,20.11,5.0,C4
7.54,0.0,0.0,1.46,2.11,C1
2.5,5.26,1.82,4.69,0.0,C1
0.0,5.48,3.77,3.17,0.0,C1
3.95,3.2,2.51,10.21,0.0,C3
8.26,7.06,3.57,3.28,0.0,C1
13.46,11.57,8.76,18.09,8.95,C2
2.18,5.61,4.54,9.92,0.0,C3
12.93,11.17,14.07,14.96,3.88,C3
2.58,3.55,7.41,11.49,0.0,C2
4.95,3.27,4.55,11.89,0.0,C1
5.51,0.0,3.67,9.76,0.0,C4
8.42,0.62,4.12,6.01,4.48,C2
6.92,6.2,6.6,10.35,0.0,C1
17.21,20.23,22.96,11.7,19.82,C1
2.78,12.05,9.08,8.08,12.25,C4
6.95,5.99,3.83,4.28,4.36,C2
5.67,0.0,7.55,8.25,2.47,C0
2.35,2.37,2.53,8.7,0.0,C2
2.67,1.45,3.42,8.77,0.0,C1
2.87,0.0,1.53,1.46,0.0,C2
10.57,8.71,10.89,9.14,7.03,C2
4.51,6.45,4.33,8.17,7.62,C3
8.48,8.93,5.64,14.54,0.0,C3
11.26,14.55,20.7,19.63,10.1,C2
11.93,5.84,4.8,15.18,0.0,C0
5.8,5.5,0.0,6.58,7.47,C4
5.59,7.43,5.68,1.65,4.91,C4
11.47,3.34,6.05,2.73,4.29,C2
0.0,0.0,0.0,2.08,1.87,C4
5.34,10.94,1.91,3.36,7.59,C2
15.18,9.65,10.84,9.56,0.0,C2
0.0,4.69,5.49,11.55,7.37,C4
5.46,10.1,13.97,6.32,4.51,C1
2.78,14.02,7.27,11.6,7.27,C2
2.32,2.65,0.0,6.75,2.27,C1
10.8,10.32,17.11,11.5,7.47,C1
2.82,3.65,3.45,4.64,2.31,C3
2.86,7.1,5.73,11.79,5.06,C2
14.38,1.57,0.0,7.41,2.14,C0
5.81,1.85,1.93,10.23,0.0,C1
4.66,1.67,3.29,3.92,6.83,C0
11.61,14.74,17.31,5.09,7.52,C4
2.63,0.0,1.19,7.81,2.25,C4
16.49,3.61,8.9,9.25,0.0,C1
5.56,1.73,5.46,11.4,0.0,C1
0.0,3.34,0.0,3.36,5.05,C4
8.01,8.72,8.97,18.49,11.8,C3
5.4,1.72,0.0,1.45,2.45,C2
5.36,0.0,0.0,3.21,2.44,C3
5.2,0.0,1.88,1.66,2.46,C2
3.56,3.9,2.15,10.05,0.0,C1
5.28,3.18,0.0,4.6,2.15,C2
0.0,9.24,5.81,6.81,10.13,C4
4.79,0.0,5.63,4.42,1.17,C3
0.0,3.38,7.37,4.61,8.66,C1
13.85,9.23,5.45,9.69,4.86,C2
2.59,4.55,3.59,9.55,2.03,C4
5.77,3.71,5.79,15.06,0.0,C3
6.45,1.15,3.38,8.51,0.0,C1
0.0,3.69,5.85,8.42,2.55,C1
4.94,6.2,1.67,1.58,2.28,C0
8.24,1.06,1.27,9.23,0.0,C3
2.5,4.17,3.36,7.79,3.94,C3
2.82,3.62,3.74,4.95,2.32,C0
2.14,1.45,1.62,2.7,5.97,C2
11.54,12.94,5.76,3.39,17.54,C3
12.87,9.34,7.15,11.59,2.32,C3
11.12,7.05,14.73,3.28,7.07,C4
8.1,0.0,1.75,4.79,4.67,C4
7.9,0.0,8.09,1.6,2.43,C2
0.85,2.12,4.53,1.15,0.51,C4
2.87,1.84,5.61,4.94,0.0,C3
5.36,1.7,7.02,9.52,4.95,C3
9.3,9.8,5.62,17.66,4.24,C1
5.05,3.77,0.0,4.19,0.0,C1
2.85,7.37,5.57,4.83,0.0,C4
8.01,5.43,17.2,6.87,4.07,C1
5.06,1.53,3.25,9.06,0.0,C1
8.5,0.0,0.0,4.98,2.48,C3
2.88,3.64,1.95,4.81,0.0,C3
9.18,9.9,16.24,7.73,8.94,C1
13.81,5.27,10.98,6.6,9.54,C1
0.09,0.77,1.56,2.39,1.38,C3
2.43,2.71,2.78,10.71,0.0,C3
2.84,3.67,9.33,3.24,0.0,C2
7.51,15.31,10.63,19.04,2.3,C1
8.33,13.6,9.04,14.3,2.37,C1
13.68,5.28,12.88,9.82,6.91,C4
5.39,7.71,5.35,2.52,1.92,C2
13.42,5.33,12.51,10.88,6.79,C4
5.67,1.19,0.0,2.37,0.0,C0
11.06,10.5,18.48,14.26,4.81,C3
2.37,3.17,1.5,1.61,2.15,C4
0.0,1.4,0.0,9.36,2.4,C1
4.83,1.54,6.44,2.9,0.0,C2
2.81,3.62,5.72,16.78,7.32,C4
0.0,1.58,4.82,6.06,0.0,C0
8.3,5.02,1.81,1.65,0.0,C2
10.89,1.75,3.58,15.9,0.0,C3
12.4,6.16,11.45,13.44,6.52,C1
2.74,0.0,5.43,9.64,2.31,C4
0.0,4.98,9.37,3.43,0.0,C1
5.54,5.29,1.79,3.2,2.42,C2
15.53,11.31,6.59,15.53,8.8,C0
2.46,6.71,4.11,4.31,0.0,C0
0.0,0.0,1.8,1.6,2.48,C4
2.0,0.0,0.0,1.21,2.85,C4
5.21,1.72,0.0,3.13,4.43,C1
4.18,1.69,0.0,8.75,0.0,C3
2.51,0.0,5.38,9.18,0.0,C0
10.35,0.0,3.68,4.73,0.0,C0
4.66,1.32,5.01,0.0,0.0,C1
12.56,8.11,12.08,7.29,6.61,C2
2.73,0.0,0.0,3.21,7.31,C4
5.83,1.88,0.0,11.87,2.54,C3
0.0,0.0,1.81,3.23,4.86,C2
14.4,18.52,7.64,18.47,5.0,C1
0.0,1.31,1.66,0.48,0.82,C3
11.26,7.18,11.27,6.58,17.09,C4
2.94,5.57,3.88,5.17,0.0,C2
2.71,3.57,3.64,4.52,2.18,C4
6.86,3.2,6.66,8.2,0.0,C2
5.46,3.46,1.77,3.17,0.0,C1
7.9,2.69,4.37,7.7,0.0,C2
2.85,0.0,0.0,1.66,2.42,C0
5.21,1.5,1.08,4.49,0.0,C3
2.83,3.48,7.41,3.24,4.54,C2
2.85,5.41,7.45,8.24,7.39,C4
18.08,20.87,13.77,8.12,22.79,C0
8.01,6.96,10.74,11.11,2.41,C2
4.64,1.67,3.88,11.95,0.0,C3
2.85,8.88,5.31,9.79,7.32,C4
15.53,6.36,0.0,1.58,4.32,C1
0.0,6.35,3.46,4.67,4.39,C4
5.69,1.82,5.72,9.37,0.0,C3
8.48,6.75,12.46,7.99,4.75,C2
2.61,3.27,3.4,4.6,2.35,C3
7.3,5.65,9.91,7.57,4.59,C1
10.18,5.04,5.99,10.29,4.06,C2
7.63,1.18,8.45,3.81,2.42,C1
8.46,5.18,3.66,6.44,4.82,C3
8.34,12.0,5.06,10.89,9.36,C2
5.61,1.75,9.39,4.91,4.87,C2
2.71,0.0,5.32,10.76,0.0,C3
5.73,5.27,1.95,4.97,4.93,C1
0.0,3.63,1.84,3.29,2.36,C1
12.83,5.83,13.36,18.84,4.52,C1
0.0,7.08,3.66,12.88,0.0,C2
11.25,21.63,16.86,14.66,21.92,C2
0.0,5.39,5.64,3.22,2.49,C4
5.35,0.0,3.57,3.23,4.82,C2
11.53,7.42,11.09,8.36,7.31,C1
5.02,3.32,5.11,12.7,0.0,C1
2.52,3.51,3.05,3.15,4.39,C1
0.1,3.13,4.79,6.46,7.63,C2
0.0,0.46,0.0,2.74,0.0,C3
4.41,1.69,3.16,4.71,4.74,C3
13.49,9.14,14.5,13.07,7.1,C2
12.19,6.87,6.8,5.6,4.42,C1
8.29,8.61,11.03,16.57,2.32,C3
0.0,0.0,1.62,4.55,2.4,C3
11.26,1.83,5.67,1.68,4.93,C2
11.51,5.52,11.44,8.5,7.58,C2
13.42,4.41,9.8,15.76,11.37,C3
9.48,1.66,0.0,3.24,2.28,C0
11.07,12.54,20.63,11.6,7.31,C2
30.51,34.1,41.36,26.66,41.79,C2
16.27,5.11,14.65,4.65,4.72,C3
5.41,0.0,5.08,4.6,3.75,C2
0.0,3.18,3.41,7.35,1.85,C4
8.59,9.06,9.34,14.9,9.91,C2
10.65,3.16,5.2,6.24,6.89,C4
5.03,1.59,5.32,10.5,0.0,C0
0.0,1.4,0.0,5.08,4.25,C4
8.46,5.16,9.28,6.57,7.32,C3
0.0,6.82,5.49,3.17,1.86,C4
5.73,1.76,3.69,8.38,2.48,C4
0.0,1.84,0.0,5.12,5.06,C3
11.49,3.69,5.63,5.1,2.54,C0
0.0,5.31,6.73,5.96,2.27,C3
16.62,7.11,14.61,15.89,2.21,C1
3.76,1.77,0.0,6.73,0.0,C1
8.44,5.39,12.14,10.2,4.34,C2
3.51,1.78,3.0,3.28,0.0,C1
13.89,6.66,12.67,7.69,9.65,C3
8.6,7.12,3.78,14.88,2.38,C1
11.07,2.7,7.85,3.73,3.13,C4
0.0,2.6,1.51,7.15,0.0,C3
0.66,1.79,1.23,4.52,0.0,C3
5.28,1.84,3.79,1.64,2.47,C4
0.0,6.81,6.49,4.73,2.22,C1
5.59,3.34,3.5,3.13,12.17,C2
8.53,5.57,11.52,6.48,5.18,C2
0.0,3.48,0.0,3.13,2.44,C1
2.53,0.0,1.8,9.07,0.0,C3
13.94,5.38,13.65,6.14,7.38,C0
11.02,3.56,11.09,4.87,2.41,C2
5.65,3.67,3.79,1.68,7.29,C2
0.0,3.53,3.71,3.36,2.47,C0
2.68,6.94,4.59,2.57,0.0,C1
0.0,0.0,0.0,3.03,4.49,C4
7.99,1.4,1.47,1.67,2.49,C2
13.87,19.38,14.56,14.65,16.92,C2
4.46,1.71,0.0,4.7,4.48,C3
0.0,3.18,1.8,7.84,1.86,C1
3.93,0.93,0.94,8.11,0.0,C3
0.0,0.0,1.9,4.86,2.4,C4
5.69,12.2,15.53,7.92,14.56,C2
7.98,3.62,3.71,9.97,0.0,C0
0.0,1.85,1.73,3.37,2.51,C2
4.85,4.88,7.93,5.5,5.01,C2
4.96,3.28,3.43,11.23,4.5,C3
8.21,6.94,7.4,3.22,4.75,C3
22.33,13.67,7.22,19.13,4.81,C0
8.58,14.63,5.76,31.6,4.83,C4
5.7,5.21,3.73,5.01,4.95,C4
4.52,1.35,1.61,2.66,2.22,C4
2.82,3.5,7.37,3.35,0.0,C2
0.0,2.27,2.47,3.48,0.0,C2
2.74,1.73,1.84,11.21,0.0,C1
0.0,1.76,3.65,4.86,2.47,C3
2.75,1.51,5.27,11.11,0.0,C2
5.66,3.57,3.71,11.37,0.0,C4
22.85,16.54,15.26,6.68,9.86,C1
0.0,5.17,5.61,4.87,2.42,C4
7.68,3.35,3.45,10.98,0.0,C3
4.85,3.34,5.68,7.95,2.51,C4
2.88,0.0,0.0,3.17,2.41,C4
5.65,1.79,1.84,4.85,4.83,C0
5.61,3.64,9.46,1.65,4.97,C4
5.22,1.69,3.61,3.05,4.74,C1
7.98,3.5,1.84,6.33,0.0,C2
7.8,3.44,0.0,4.61,2.42,C1
0.0,0.0,0.0,1.63,4.63,C4
2.88,3.56,5.55,6.15,7.36,C2
5.45,6.42,2.75,9.74,0.0,C1
3.13,1.96,3.33,6.03,2.09,C1
0.0,0.0,0.0,2.59,3.85,C4
14.92,5.98,4.81,12.65,0.0,C0
5.52,1.74,1.89,4.44,2.39,C4
4.95,1.82,7.33,1.69,0.0,C0
2.55,2.98,3.25,6.11,8.99,C4
2.81,3.55,3.76,3.29,2.49,C1
2.91,9.1,5.51,8.28,7.51,C3
2.91,0.0,0.0,6.72,2.55,C3
8.44,5.3,7.15,11.58,2.47,C3
5.66,17.92,11.12,8.28,9.79,C1
4.28,2.81,1.41,4.07,3.87,C0
34.66,33.55,26.91,23.6,35.35,C2
0.0,4.72,3.12,3.09,0.0,C2
0.0,4.82,1.69,2.72,2.15,C1
2.74,0.0,9.25,8.06,9.58,C4
0.0,1.49,4.5,2.53,2.17,C4
22.11,5.26,20.34,19.25,4.69,C1
5.07,1.08,0.46,6.6,0.85,C2
2.79,0.0,0.0,1.68,4.7,C4
4.31,1.27,1.22,8.7,1.82,C1
13.76,5.38,7.5,4.9,16.49,C4
15.95,8.88,14.54,24.38,12.01,C0
1.49,2.53,1.36,9.17,3.67,C3
1.17,1.08,0.72,1.48,0.0,C4
10.43,6.75,3.1,12.07,8.81,C4
10.21,5.42,3.28,10.84,4.22,C4
4.33,1.48,0.0,5.03,0.0,C1
5.04,0.0,7.02,9.01,0.0,C2
9.55,3.09,9.68,2.87,2.15,C0
11.15,5.42,5.51,5.02,4.97,C3
7.64,1.58,6.77,4.69,0.0,C1
2.69,7.25,5.27,14.23,0.0,C3
0.0,14.13,12.73,10.99,11.52,C4
2.21,1.69,5.24,7.87,2.32,C3
8.0,6.66,8.34,12.4,4.36,C2
2.86,5.25,1.54,3.3,7.09,C1
5.58,5.23,7.44,5.06,9.33,C1
6.89,2.7,6.71,9.86,1.39,C2
4.01,3.52,4.63,10.18,0.0,C4
2.79,9.37,5.43,12.23,11.27,C3
8.45,7.07,3.86,9.85,5.0,C1
8.63,5.43,3.85,13.4,2.49,C3
5.22,10.87,21.02,8.15,9.68,C4
0.0,4.61,4.84,4.6,0.0,C1
2.83,9.25,5.74,5.11,5.1,C2
5.6,0.0,11.39,1.68,2.45,C2
3.39,1.3,0.0,1.2,0.0,C3
5.27,1.28,8.06,7.55,2.2,C1
0.0,1.69,7.04,8.05,0.0,C2
2.57,11.51,6.91,7.69,11.13,C1
8.26,8.71,5.51,4.92,8.96,C2
8.65,1.87,5.8,3.42,5.02,C2
5.79,1.79,1.84,10.02,2.4,C4
12.23,13.71,5.67,28.11,6.42,C1
0.0,1.81,3.67,3.26,2.45,C1
2.39,3.15,0.0,2.67,0.0,C4
0.0,3.6,1.92,4.93,7.5,C4
0.0,1.47,0.0,7.07,3.47,C1
7.92,7.74,4.92,5.94,10.47,C4
9.66,0.0,3.08,3.31,2.4,C2
0.0,8.3,1.85,3.04,0.0,C1
7.71,8.45,8.71,13.52,0.0,C3
5.77,5.5,9.25,9.89,0.0,C4
4.18,2.28,2.11,11.4,0.0,C3
8.48,7.34,7.68,16.67,7.55,C3
0.0,0.0,0.0,9.29,2.14,C4
10.65,7.91,6.77,20.72,3.66,C1
10.85,5.07,7.25,13.92,0.0,C1
2.85,0.0,0.74,9.83,0.0,C4
8.6,12.8,13.21,8.31,7.45,C1
0.0,1.82,7.36,4.91,0.0,C2
9.44,5.05,11.71,10.44,4.67,C1
5.76,5.3,0.0,8.25,2.46,C2
0.0,3.61,5.57,11.55,2.15,C4
0.0,0.0,0.0,1.49,2.33,C4
10.59,1.68,5.31,9.05,2.06,C2
4.94,0.0,3.26,3.01,6.91,C0
6.51,1.97,0.0,3.02,0.31,C4
1.32,3.34,3.0,6.25,2.41,C2
16.98,18.06,17.03,14.97,7.5,C1
8.69,12.87,3.8,10.17,17.44,C4
16.46,1.74,12.85,6.51,4.83,C2
5.65,0.0,0.0,3.31,4.6,C3
10.71,10.02,17.69,18.98,11.28,C1
13.94,9.19,7.42,14.82,4.85,C3
2.86,1.83,5.63,1.67,2.47,C2
2.28,3.02,1.45,7.34,0.0,C0
5.63,7.39,9.68,8.27,12.39,C2
0.0,1.49,0.0,2.9,4.36,C4
8.55,21.79,14.85,14.83,19.45,C3
2.73,1.69,1.72,1.6,2.42,C2
11.5,5.48,15.21,3.25,7.5,C2
5.22,5.13,3.25,6.22,0.0,C2
5.19,1.51,4.67,9.89,0.0,C3
4.88,1.43,2.75,3.81,3.22,C1
11.71,18.71,23.14,6.78,17.5,C2
1.51,2.36,4.21,5.86,5.33,C2
10.37,6.51,10.44,6.66,2.03,C3
5.31,0.0,0.0,2.95,4.84,C1
7.76,1.52,2.98,11.65,2.13,C2
5.41,3.3,5.11,13.72,4.76,C4
14.38,8.84,9.2,19.89,7.58,C4
12.13,6.52,12.77,10.87,8.36,C2
2.9,3.58,0.0,3.28,2.45,C1
5.76,1.79,1.88,8.05,0.0,C3
2.79,0.0,3.56,7.93,4.61,C4
0.0,0.0,0.0,1.59,0.0,C3
2.49,1.76,5.45,7.86,0.0,C2
2.63,0.0,0.0,3.28,4.65,C2
2.88,0.0,0.0,3.35,4.69,C4
8.0,3.44,3.67,6.26,0.0,C2
5.6,3.6,9.05,12.98,2.26,C4
8.15,3.48,10.54,3.27,4.86,C4
10.54,5.28,14.11,7.86,6.99,C2
13.36,4.97,3.66,10.77,6.91,C4
8.34,10.45,7.19,15.99,9.72,C4
13.34,3.43,1.83,11.24,2.28,C3
8.48,10.32,15.0,6.42,14.28,C1
0.0,5.49,3.79,1.71,5.07,C2
5.77,3.55,4.72,11.38,0.0,C1
0.0,8.33,3.35,4.76,6.65,C1
0.0,7.41,1.91,13.42,2.55,C3
0.0,7.03,5.13,6.17,2.41,C1
6.24,2.8,5.55,6.72,1.83,C2
5.82,7.38,3.9,15.11,5.08,C3
0.0,0.0,4.89,10.41,2.24,C4
8.37,5.07,3.54,8.13,0.0,C0
4.75,4.28,4.33,12.73,1.81,C3
0.71,0.0,0.0,2.25,0.0,C2
2.0,2.94,1.44,2.63,0.0,C3
4.6,12.32,10.88,12.33,5.37,C3
2.62,0.0,0.0,1.6,2.46,C0
13.19,0.0,8.83,3.09,0.0,C0
4.54,2.74,6.45,5.46,2.15,C3
2.91,7.44,5.83,10.22,6.9,C2
8.45,3.6,5.75,1.71,4.96,C1
10.47,3.35,7.24,6.23,9.57,C0
0.4,1.69,0.0,2.08,0.0,C3
3.9,1.48,2.31,3.84,1.46,C1
2.76,1.72,0.0,6.4,4.69,C1
2.68,3.41,3.54,4.8,0.0,C1
11.85,9.91,23.32,11.4,13.1,C0
0.0,5.58,7.73,10.05,2.48,C0
8.53,12.37,7.42,13.13,14.49,C0
0.0,1.74,7.29,10.01,2.49,C2
8.24,6.8,7.17,14.16,11.88,C4
7.89,6.82,10.66,14.4,2.38,C0
20.1,12.79,14.89,20.07,12.21,C2
11.49,7.03,10.91,16.33,4.91,C4
0.0,1.73,1.61,9.65,1.37,C4
11.09,10.72,12.66,14.61,7.19,C1
10.31,6.82,12.26,10.77,7.02,C1
2.89,12.43,8.47,7.83,11.72,C0
7.66,2.62,4.19,9.9,1.9,C2
1.85,8.06,14.66,8.91,4.09,C1
8.5,12.77,11.37,4.7,7.41,C3
11.59,4.42,7.66,5.4,3.63,C2
10.91,7.36,15.36,16.25,9.79,C2
0.0,4.95,3.16,2.91,0.0,C2
10.65,3.56,7.18,3.25,0.0,C1
17.71,3.53,8.81,7.63,2.33,C4
4.97,2.41,1.53,7.75,2.3,C0
8.55,3.69,7.61,3.34,7.48,C4
10.24,8.59,5.56,22.22,4.46,C1
0.0,7.01,7.45,4.33,6.79,C2
5.77,1.84,5.75,14.93,0.0,C3
5.32,1.75,8.79,1.66,4.7,C2
5.78,7.34,0.0,8.37,2.31,C1
5.36,5.17,4.92,2.94,2.46,C4
2.64,0.0,1.65,9.1,0.0,C1
0.0,3.7,1.61,6.76,2.24,C2
2.51,11.97,6.8,3.29,7.24,C2
16.31,6.93,12.99,9.97,4.56,C4
8.51,10.51,3.71,12.97,12.14,C3
5.18,4.62,1.92,3.2,2.18,C2
0.0,0.98,0.0,1.64,0.38,C4
4.84,6.4,1.46,9.11,3.65,C1
16.42,3.49,3.71,6.46,0.0,C2
1.16,1.72,1.67,3.37,0.82,C4
0.0,0.0,1.94,1.69,4.64,C2
14.17,3.65,14.65,14.83,4.97,C3
5.17,0.0,0.0,1.57,2.43,C0
4.95,3.08,5.82,7.89,1.37,C2
1.2,0.0,0.0,2.0,0.42,C0
8.59,5.53,3.66,9.77,0.0,C2
16.35,10.98,8.11,12.83,6.35,C3
0.0,0.0,0.0,1.46,2.28,C4
2.55,8.63,6.92,6.2,4.43,C2
4.48,6.56,4.63,4.27,4.19,C0
2.63,1.7,3.5,8.61,0.0,C2
17.02,18.35,11.09,29.93,7.5,C3
7.82,12.56,16.22,20.58,14.48,C0
8.7,9.34,17.37,10.23,10.07,C3
4.61,0.0,3.05,2.78,8.74,C4
7.88,2.88,4.87,8.77,4.13,C0
14.02,1.66,9.36,4.77,7.14,C2
5.34,1.71,13.57,4.46,2.34,C3
0.0,3.32,3.46,4.95,7.13,C3
12.65,6.31,6.77,15.71,6.31,C4
3.22,3.54,1.31,6.39,0.66,C1
0.0,0.0,0.0,3.38,5.07,C4
8.69,9.17,20.97,6.78,7.44,C1
4.23,5.28,5.29,7.93,2.74,C1
8.36,7.07,9.2,17.65,4.09,C4
2.1,4.34,3.35,1.54,1.83,C4
0.26,0.0,0.0,0.44,1.14,C4
5.39,1.75,0.0,6.43,2.47,C4
7.25,5.77,4.79,10.92,3.93,C2
15.63,11.88,11.47,6.16,8.76,C2
6.18,2.76,5.03,15.54,0.0,C3
13.61,5.3,16.6,9.65,4.44,C2
2.47,2.54,0.0,5.99,0.0,C1
4.23,1.57,3.44,4.29,4.33,C1
4.8,0.0,7.86,2.95,2.17,C2
2.89,4.73,3.64,9.38,2.4,C2
5.61,5.0,5.36,12.55,2.44,C1
5.64,10.89,11.2,6.65,4.79,C1
0.0,3.14,0.3,2.82,2.39,C2
8.49,8.86,5.7,9.66,4.97,C0
11.83,4.71,9.82,7.17,6.62,C3
4.78,7.58,7.77,8.37,3.92,C4
4.6,0.0,0.0,4.02,2.33,C1
8.23,0.0,1.9,3.3,2.49,C3
10.85,3.34,14.39,6.3,7.0,C1
0.0,1.85,0.0,0.78,2.16,C4
0.08,0.8,0.22,1.18,0.0,C1
15.63,5.58,16.4,7.59,6.92,C1
0.0,1.29,1.37,8.07,0.0,C3
0.0,4.36,0.0,7.37,2.08,C2
8.25,3.42,3.51,11.33,0.0,C0
5.68,5.46,11.41,8.32,2.41,C1
7.32,4.78,3.2,10.22,6.59,C3
6.18,6.6,5.27,5.23,6.16,C4
2.73,0.0,1.89,3.21,4.97,C2
11.33,3.62,13.14,9.74,14.77,C2
5.8,14.89,7.78,11.91,17.51,C4
4.13,6.35,9.14,8.3,0.0,C2
0.0,5.34,9.11,3.31,6.92,C2
5.78,3.09,7.07,11.13,0.0,C0
4.87,1.7,1.66,4.46,2.19,C4
4.66,3.31,1.54,3.45,0.0,C0
3.55,5.82,0.0,7.98,0.0,C3
5.68,3.35,0.0,4.95,0.0,C4
5.61,1.37,9.19,6.46,8.67,C0
31.65,31.51,32.63,32.16,32.67,C1
13.72,7.74,17.82,7.7,14.08,C4
8.44,6.71,13.83,15.09,4.15,C3
0.0,5.04,3.37,4.51,2.13,C1
5.15,5.83,13.7,9.23,7.01,C4
2.79,0.0,0.0,1.69,6.65,C4
0.0,0.0,0.0,4.8,2.37,C4
2.86,5.63,3.81,1.69,7.54,C0
8.68,5.53,9.41,8.23,2.38,C3
0.0,1.86,3.53,1.65,0.0,C2
8.23,5.11,15.87,7.84,4.38,C4
2.74,13.06,3.3,12.44,8.21,C3
0.0,0.0,3.79,6.67,5.0,C2
0.0,0.0,1.12,1.43,4.12,C2
5.73,1.86,1.91,8.3,4.73,C3
10.12,4.15,6.48,14.75,2.21,C2
0.0,3.47,5.61,6.66,0.0,C1
10.49,0.0,7.49,6.44,2.45,C1
8.62,3.57,5.77,5.0,4.88,C1
2.37,0.91,0.0,2.45,4.28,C3
16.83,8.97,13.15,19.84,4.73,C3
7.73,3.29,3.03,5.86,2.38,C3
0.0,2.33,5.1,8.83,4.68,C4
15.97,10.59,6.04,15.11,6.88,C3
8.25,5.28,3.72,5.03,2.31,C1
5.44,3.22,14.6,4.55,0.0,C1
4.46,2.08,2.48,5.81,7.37,C2
3.79,1.22,5.0,1.97,1.7,C4
13.27,6.56,12.35,14.49,4.53,C3
16.31,19.75,5.38,37.39,4.78,C4
2.9,5.5,5.77,8.43,0.0,C1
2.9,7.33,5.71,6.53,9.99,C1
5.81,10.98,15.23,15.23,10.01,C4
10.9,3.57,7.37,7.81,2.49,C3
0.0,0.0,0.0,1.47,2.25,C4
0.0,3.27,5.16,4.64,3.96,C2
18.99,5.91,11.23,14.25,2.08,C2
7.05,1.37,6.28,5.18,1.84,C2
1.21,0.0,0.36,1.36,2.62,C2
0.0,1.71,1.9,4.97,4.89,C4
1.66,1.38,2.29,6.47,0.0,C3
2.8,4.04,0.0,1.55,2.19,C1
0.0,1.75,5.01,6.19,0.0,C1
8.59,3.63,7.38,13.29,2.42,C4
5.37,0.0,5.55,4.89,4.52,C2
4.68,5.11,0.79,5.55,0.0,C2
1.37,0.72,0.29,1.4,2.2,C1
2.31,1.51,1.71,13.85,2.03,C1
6.58,4.38,7.63,5.22,4.16,C2
0.0,1.38,5.82,5.74,4.38,C1
0.0,7.3,0.0,3.38,5.05,C4
0.0,1.8,0.0,4.85,2.34,C3
20.97,11.37,23.96,14.02,13.19,C2
8.62,5.5,7.6,9.88,2.47,C4
0.0,0.0,0.0,1.59,2.4,C4
5.21,0.0,8.99,1.57,4.49,C2
2.87,3.75,3.59,14.93,0.0,C1
2.81,0.0,0.0,1.64,4.82,C4
14.9,17.69,13.8,25.65,12.59,C1
2.72,8.81,9.1,4.73,11.88,C2
5.06,3.07,5.94,10.64,0.0,C2
2.4,0.0,6.32,3.22,0.0,C2
11.0,14.95,12.39,23.49,6.71,C1
2.82,10.56,3.69,6.6,0.0,C2
18.85,6.85,12.6,6.35,2.28,C0
8.2,6.77,6.94,3.24,2.49,C2
8.32,5.05,3.34,9.6,2.4,C3
7.54,7.63,3.49,8.07,4.28,C3
11.2,1.82,10.79,4.89,4.72,C4
2.54,4.55,6.7,5.94,6.8,C2
2.77,1.76,13.04,8.39,0.0,C2
4.74,0.0,0.0,1.5,4.28,C4
8.38,7.18,5.57,15.06,7.44,C1
8.62,12.44,11.07,9.99,12.55,C2
7.64,6.97,10.62,9.27,4.59,C2
7.58,2.88,1.6,2.98,4.19,C0
3.72,2.24,1.29,8.29,0.0,C3
7.04,3.78,4.19,1.57,4.34,C2
6.72,1.3,0.0,5.9,0.0,C1
7.93,10.6,12.57,8.07,6.61,C2
5.54,0.0,3.37,1.67,4.34,C4
0.0,0.12,0.33,3.2,0.0,C3
8.54,3.64,3.8,1.69,2.47,C1
2.56,0.0,0.0,3.17,2.44,C4
2.65,0.0,3.47,1.61,4.5,C3
14.83,8.04,15.37,13.19,5.89,C4
5.67,5.37,3.86,4.88,0.0,C3
11.43,10.78,7.48,13.34,12.45,C3
17.45,5.64,19.55,13.62,10.06,C2
8.12,3.38,3.37,3.24,2.03,C2
8.12,0.0,6.69,3.24,0.0,C2
11.02,6.69,7.26,3.11,2.31,C3
0.0,1.33,2.74,2.81,3.55,C1
2.58,1.51,1.71,5.89,0.0,C1
4.16,1.28,4.13,7.57,0.0,C3
8.34,5.11,9.08,6.28,6.93,C2
2.35,9.49,1.75,6.88,4.24,C1
18.85,7.04,12.52,12.33,8.78,C0
0.0,5.31,0.0,6.47,2.48,C4
13.65,12.26,11.01,15.69,11.77,C2
10.97,3.53,6.8,10.68,4.77,C2
1.82,3.62,6.63,3.4,1.72,C3
14.26,8.77,14.34,14.75,8.57,C4
14.46,7.13,15.49,16.06,0.0,C1
2.05,1.6,3.12,5.87,2.23,C0
5.5,10.45,5.37,6.52,9.25,C1
5.67,3.4,1.88,4.93,4.94,C3
5.15,3.11,4.98,6.4,6.63,C3
8.68,7.3,11.51,16.59,0.0,C1
0.0,7.23,3.81,5.04,4.79,C4
11.22,0.0,18.24,6.56,2.49,C2
22.33,14.19,25.84,14.64,14.2,C4
8.45,8.77,17.64,14.63,13.87,C3
1.75,3.95,6.36,10.27,0.0,C3
2.01,0.88,0.35,0.42,0.98,C4
5.56,6.52,8.54,12.82,1.93,C2
2.9,5.43,3.37,11.09,0.0,C2
16.59,31.86,38.58,17.74,31.21,C2
2.85,1.78,7.43,9.85,2.49,C1
2.76,1.75,0.0,1.68,2.49,C1
2.8,5.22,3.61,8.14,2.36,C4
8.68,7.4,17.09,13.57,0.0,C2
2.91,5.56,5.72,19.89,5.1,C3
7.78,3.4,4.76,2.96,0.0,C1
5.03,1.78,1.5,1.51,2.45,C1
13.24,8.32,16.63,11.36,11.37,C1
2.88,0.0,0.0,1.63,4.92,C4
11.55,7.25,1.93,15.2,4.78,C3
0.0,6.47,1.45,4.21,1.52,C3
0.0,3.58,3.81,11.54,0.0,C2
11.02,8.46,7.15,12.97,7.02,C1
0.0,2.39,1.07,1.97,0.72,C1
5.76,5.46,5.73,13.24,2.5,C2
8.57,3.55,5.67,11.6,0.0,C1
8.63,3.62,1.88,5.06,2.46,C4
13.77,12.39,16.77,14.77,7.38,C2
4.24,5.34,10.88,11.59,3.44,C3
5.54,10.7,8.57,7.88,9.49,C3
2.07,3.41,10.06,4.26,6.71,C2
2.63,0.0,1.76,4.93,0.0,C1
8.33,5.36,5.64,12.87,4.89,C3
1.04,3.66,9.21,3.31,2.85,C2
5.1,7.29,10.87,12.84,2.51,C0
5.35,1.78,5.51,6.35,2.47,C2
5.03,6.87,8.47,4.64,6.67,C1
22.88,10.28,23.43,13.17,18.73,C0
2.88,7.22,3.76,5.02,4.88,C4
2.56,7.81,0.0,7.98,0.0,C3
2.89,5.27,3.79,6.42,0.0,C1
5.57,5.33,1.79,6.45,0.0,C2
12.02,12.01,13.89,12.32,8.68,C1
2.85,0.0,5.41,11.56,0.0,C3
13.98,3.52,12.87,4.82,7.01,C2
26.07,22.17,28.65,33.62,22.54,C2
2.49,1.67,3.63,8.81,0.0,C4
0.0,8.89,1.78,8.44,2.47,C0
15.57,12.44,20.2,4.85,9.68,C4
5.54,3.52,1.77,7.94,0.0,C3
0.0,1.52,1.41,2.94,2.02,C1
10.93,6.27,3.46,9.78,7.11,C0
2.88,7.34,0.0,3.38,2.47,C0
12.29,3.1,5.17,3.09,6.59,C3
2.85,0.0,0.0,1.66,4.38,C2
9.39,2.96,14.14,12.6,4.05,C2
2.84,9.18,5.64,10.05,4.98,C0
2.35,2.5,2.75,3.82,2.13,C1
2.3,4.21,2.84,6.24,2.89,C4
5.47,3.41,3.58,3.19,0.0,C0
11.71,3.23,4.58,4.18,6.39,C2
0.0,3.91,3.35,4.1,1.86,C1
5.41,8.15,4.98,14.12,0.0,C1
69.67,61.02,74.88,47.65,65.33,C2
11.28,3.62,11.24,3.4,9.58,C4
5.57,0.0,3.79,5.0,2.41,C3
2.78,0.0,3.81,6.69,2.51,C2
14.42,10.98,17.23,11.68,7.47,C1
15.78,5.17,12.69,16.47,4.99,C1
2.49,4.9,2.99,3.13,2.18,C2
0.0,5.27,3.7,3.15,2.25,C4
0.0,3.45,1.85,4.23,6.68,C4
4.4,3.62,0.0,4.67,0.0,C1
8.68,6.58,17.93,10.13,4.53,C0
6.49,3.91,3.98,12.63,3.44,C2
4.74,13.99,11.39,4.5,14.81,C1
2.63,4.25,1.38,5.32,1.23,C3
9.9,3.06,6.41,7.45,4.55,C2
15.3,10.23,21.29,13.86,9.18,C1
16.25,3.44,8.83,4.39,6.99,C1
3.87,2.78,0.0,8.74,0.0,C3
4.44,0.0,3.1,10.11,0.0,C3
1.0,0.61,0.47,3.2,0.0,C3
0.0,2.27,0.0,4.42,0.0,C1
0.0,2.81,5.79,3.73,0.0,C1
8.29,2.77,0.0,9.52,0.0,C3
4.87,0.0,3.5,4.72,2.37,C3
1.69,2.45,0.82,7.69,3.63,C3
21.49,13.89,19.81,24.27,16.45,C2
5.48,3.63,1.95,9.85,0.0,C3
13.96,10.69,15.07,8.38,7.37,C2
7.92,1.53,7.27,9.42,6.51,C3
5.01,4.46,1.48,5.78,2.18,C3
4.19,1.63,2.66,5.6,0.0,C3
46.48,44.35,53.68,32.28,50.29,C4
0.0,1.06,0.89,3.1,1.28,C1
2.78,8.65,1.89,6.41,4.9,C4
20.0,16.64,24.75,18.61,15.06,C3
2.67,5.03,5.18,6.02,4.66,C2
2.67,1.75,1.58,7.86,2.43,C3
0.0,8.93,9.48,6.32,4.19,C4
4.5,0.0,4.27,5.62,8.67,C2
2.61,3.19,2.68,9.26,6.47,C3
0.0,8.52,5.29,4.86,4.89,C4
2.65,3.14,5.5,7.17,0.0,C2
2.85,1.88,7.71,6.73,0.0,C1
2.9,12.88,15.43,3.4,5.05,C2
2.6,4.49,1.47,1.44,0.0,C0
2.09,0.0,1.71,3.25,2.49,C2
2.44,1.43,2.85,9.09,0.0,C1
5.76,9.2,3.9,6.76,5.03,C4
5.52,0.0,0.0,3.3,2.46,C4
2.55,3.48,1.9,11.19,2.36,C3
2.53,0.0,0.0,4.59,2.33,C4
3.63,0.0,3.04,1.82,2.15,C0
5.51,7.37,13.11,8.11,22.34,C2
5.18,0.0,5.21,14.01,0.0,C3
8.43,10.77,13.13,8.13,4.89,C2
2.44,7.71,9.77,4.84,4.49,C2
0.0,4.08,3.41,1.44,1.98,C1
0.0,3.53,5.34,3.31,1.78,C4
0.0,3.23,7.89,1.38,2.13,C2
10.04,2.73,7.12,6.22,9.73,C4
0.0,0.0,0.0,1.27,4.19,C4
4.68,0.0,3.8,1.66,1.83,C2
2.71,0.0,1.81,3.21,4.4,C0
2.72,1.56,1.76,4.52,0.0,C1
2.91,1.85,14.53,3.17,4.5,C1
2.09,4.58,9.84,8.6,4.11,C2
11.52,9.11,11.17,6.62,7.07,C2
19.18,10.08,15.94,14.07,11.62,C4
12.91,1.71,7.38,4.37,4.79,C2
26.1,27.8,28.9,18.61,27.7,C2
3.68,0.68,2.87,8.16,0.0,C1
13.11,13.05,15.91,13.94,6.87,C1
10.76,3.53,12.24,6.19,0.0,C2
1.85,5.7,5.68,5.12,0.0,C2
8.24,11.78,9.13,16.1,11.68,C4
11.17,11.72,6.64,4.98,0.0,C3
2.81,3.46,1.61,10.97,0.0,C2
0.0,3.72,3.81,6.66,2.46,C2
5.68,10.84,9.53,8.37,12.15,C4
3.47,3.58,1.13,2.86,0.0,C3
7.3,1.63,4.88,4.46,6.57,C1
8.17,0.0,5.53,3.16,2.45,C3
4.25,3.87,2.98,8.5,0.0,C2
1.12,7.69,0.0,1.49,0.0,C1
13.8,7.14,21.94,14.56,7.05,C0
0.0,1.53,8.0,6.03,0.0,C1
16.27,3.54,7.32,8.04,9.59,C3
2.59,1.74,7.05,6.24,2.35,C4
4.54,5.01,7.55,10.56,7.06,C2
8.53,5.4,15.17,6.59,4.86,C1
11.28,3.57,5.68,3.24,7.19,C3
19.56,10.79,20.35,19.52,9.85,C2
4.79,1.52,8.73,7.48,4.21,C3
8.65,1.77,1.88,9.95,0.0,C3
2.75,3.43,1.74,3.05,6.78,C3
8.05,6.89,12.27,6.38,7.24,C2
5.74,5.47,3.71,6.64,2.53,C4
4.38,2.69,0.0,10.33,1.68,C3
17.11,9.03,14.83,20.01,14.76,C4
2.6,3.37,0.0,1.3,2.36,C1
3.1,1.79,2.31,2.75,0.0,C1
5.52,9.67,3.62,12.43,8.7,C0
5.19,1.47,1.73,11.7,0.0,C3
5.78,1.84,1.91,6.71,2.51,C0
8.51,0.0,3.92,6.34,0.0,C0
13.61,8.88,5.56,13.18,9.86,C0
0.0,1.46,2.67,2.54,0.0,C2
0.0,3.48,1.82,4.49,2.14,C1
8.61,16.77,11.64,20.34,2.54,C1
1.91,1.49,2.96,6.75,2.13,C4
14.08,7.46,13.57,11.77,15.05,C4
2.63,1.67,1.83,1.66,4.95,C3
0.0,1.76,5.1,3.2,2.31,C2
4.32,4.61,2.75,5.68,0.0,C3
0.0,1.69,3.49,11.02,0.0,C3
11.33,19.47,25.97,9.47,16.7,C3
8.61,5.47,3.49,13.26,2.5,C4
8.71,3.68,1.91,13.47,2.51,C3
32.6,22.39,31.72,34.56,28.86,C4
0.0,1.71,5.26,6.36,0.0,C2
11.2,7.14,13.06,9.85,2.51,C2
8.13,1.32,3.41,7.53,4.27,C0
0.0,0.0,3.44,4.46,6.65,C3
4.26,8.3,1.92,4.87,2.44,C0
5.64,10.89,13.14,9.81,12.48,C1
6.82,1.52,5.88,5.3,7.46,C2
8.52,14.49,7.55,4.81,14.81,C1
4.99,3.15,1.11,2.66,3.65,C4
11.59,3.71,5.84,6.71,0.0,C1
2.62,3.58,3.66,3.15,2.46,C1
8.48,5.45,9.34,6.5,4.95,C0
12.13,14.39,13.9,12.43,11.0,C1
8.23,1.81,7.46,4.92,2.46,C2
10.07,3.33,3.44,1.42,4.39,C2
2.46,0.0,3.4,2.5,4.37,C3
3.91,5.24,3.47,12.41,2.52,C3
5.74,3.6,3.45,4.58,0.0,C1
10.45,3.42,0.0,4.61,2.39,C3
10.84,8.68,12.81,17.75,7.13,C0
2.44,2.66,6.6,9.22,3.85,C4
5.51,0.0,1.8,4.98,2.47,C3
2.69,3.28,3.56,14.19,1.87,C3
2.54,0.0,0.0,3.11,4.37,C0
5.32,3.44,3.58,3.21,0.0,C0
2.81,1.75,8.62,4.07,4.58,C2
8.06,3.99,4.56,8.95,6.77,C0
8.16,3.67,10.35,3.28,2.55,C2
10.85,4.65,10.97,5.56,8.53,C1
12.74,1.71,10.47,9.45,6.58,C0
5.65,3.65,3.77,16.71,2.54,C1
12.93,3.62,9.17,9.64,4.92,C3
5.64,4.98,5.7,3.37,0.0,C1
2.44,2.83,3.12,2.96,2.08,C1
0.0,9.2,7.29,5.01,9.38,C4
4.32,1.52,2.98,7.36,0.0,C3
6.98,6.65,6.43,5.98,4.54,C4
2.67,0.0,0.0,1.67,4.58,C0
7.07,1.78,3.13,5.65,2.39,C4
4.31,2.72,5.96,6.61,5.82,C4
2.88,1.82,3.72,4.86,7.4,C4
11.4,3.6,3.72,3.28,5.01,C2
4.81,0.0,1.54,3.64,1.41,C4
5.53,8.76,17.75,6.38,2.17,C2
8.17,6.63,14.02,12.16,0.0,C2
10.46,1.71,10.85,9.3,8.85,C3
5.06,6.48,1.75,1.57,2.28,C1
5.58,3.32,0.0,6.12,0.0,C3
0.0,3.02,13.66,4.34,4.07,C2
16.9,3.6,11.44,9.7,4.87,C1
2.56,1.82,5.66,6.56,0.0,C3
5.9,3.39,9.97,7.59,5.17,C2
5.83,1.83,3.82,5.11,0.0,C2
5.79,3.99,2.65,9.63,7.72,C4
8.38,8.81,11.13,12.96,7.19,C4
2.9,1.81,7.67,3.28,2.5,C1
2.91,1.77,0.0,4.9,2.4,C0
12.68,6.27,3.06,13.98,0.0,C3
4.9,1.59,3.27,1.59,2.09,C4
10.1,11.77,8.53,7.4,10.52,C2
17.29,4.78,5.79,12.58,1.37,C0
5.54,1.66,0.0,3.32,2.41,C1
7.19,3.53,8.97,2.88,4.53,C2
5.55,1.84,12.84,1.51,2.43,C1
2.33,0.0,1.44,5.52,2.36,C1
2.72,1.6,0.0,3.02,2.28,C0
5.52,3.52,5.63,3.23,7.25,C0
2.83,2.0,0.04,1.41,0.36,C3
4.94,6.7,10.43,5.58,0.0,C3
2.79,0.0,1.75,6.24,2.34,C1
14.19,10.71,9.35,19.72,4.97,C4
8.48,14.34,11.24,5.05,14.95,C1
13.56,10.71,20.2,6.96,3.22,C2
4.79,2.87,1.85,5.51,3.51,C3
2.69,0.0,0.0,4.63,2.36,C0
2.89,3.55,7.49,3.13,12.18,C1
16.45,12.52,21.78,19.83,9.74,C4
2.8,3.44,8.3,4.78,4.51,C2
0.0,3.45,3.54,9.54,2.18,C4
7.24,6.12,11.71,7.41,6.66,C2
5.12,0.0,3.23,4.37,6.49,C2
16.82,5.26,11.28,4.88,7.25,C1
0.0,3.45,5.42,3.22,0.0,C1
11.51,17.92,19.04,14.91,5.04,C0
2.67,0.0,0.0,1.71,2.46,C4
0.0,2.86,1.63,2.93,0.0,C1
2.8,3.49,1.71,3.3,0.0,C3
2.76,1.87,0.0,3.32,5.01,C1
0.0,1.85,5.63,3.4,7.45,C2
3.57,1.65,0.0,1.06,2.27,C3
16.4,3.6,7.61,3.28,2.51,C3
2.73,0.0,0.0,6.42,0.0,C4
8.61,9.27,9.56,18.56,2.34,C4
17.15,3.68,11.44,11.62,5.04,C3
8.53,5.6,5.76,3.36,2.5,C1
0.0,3.45,3.55,9.53,0.0,C1
14.03,7.14,15.07,11.6,2.44,C1
11.08,4.79,5.19,16.31,3.96,C4
10.2,12.93,6.62,13.09,4.69,C2
4.87,6.16,3.94,11.24,5.13,C4
5.4,6.97,5.4,1.67,2.43,C1
1.71,2.31,1.38,4.11,0.0,C1
9.37,1.49,8.86,3.84,2.25,C0
5.68,10.33,5.5,3.05,2.45,C1
8.3,1.81,7.45,1.7,2.49,C2
39.79,41.78,58.38,29.95,41.95,C4
2.73,8.87,9.28,8.32,12.1,C2
9.67,3.04,10.1,10.51,1.9,C2
1.65,1.17,0.7,5.76,0.0,C3
0.0,1.75,9.05,11.06,2.1,C2
8.62,0.0,7.32,3.04,4.75,C2
5.28,1.75,0.0,6.17,0.0,C3
0.0,5.24,5.46,7.68,2.44,C2
2.81,4.96,6.38,10.53,0.0,C3
5.2,6.12,4.62,4.37,3.5,C2
2.83,1.77,5.42,4.96,4.76,C3
14.32,19.86,22.41,13.5,26.72,C2
3.1,5.52,0.36,9.47,6.03,C0
8.51,3.77,3.83,2.43,2.47,C2
2.85,3.51,1.76,3.25,0.0,C1
4.62,2.83,6.16,2.67,2.11,C4
0.0,0.0,0.0,1.68,2.43,C4
0.0,0.0,0.0,3.11,4.68,C4
14.14,7.29,17.02,5.01,12.35,C2
10.19,0.0,6.15,6.57,0.56,C2
3.71,1.83,5.8,4.73,2.52,C2
4.51,5.85,4.6,5.43,3.03,C4
2.92,3.7,5.51,4.96,2.42,C4
7.81,3.12,0.0,10.47,2.04,C1
2.51,5.84,5.64,8.22,1.99,C3
8.12,1.72,16.25,3.14,4.44,C2
7.7,1.69,3.41,4.76,2.3,C2
0.0,3.45,3.06,9.36,0.0,C3
8.1,1.75,1.78,11.03,6.78,C4
8.32,5.3,1.79,4.27,4.84,C4
4.59,3.69,3.78,8.18,0.0,C1
6.99,1.69,2.08,8.31,0.0,C0
5.77,14.89,7.79,11.89,10.19,C1
5.37,3.49,3.43,4.22,0.0,C2
2.82,5.27,1.82,4.81,0.0,C0
5.49,6.93,14.49,11.23,9.37,C3
14.03,10.76,16.8,19.53,9.66,C0
3.52,0.0,2.17,5.41,0.0,C3
0.0,3.77,1.17,2.78,0.49,C4
2.86,5.55,7.65,13.41,2.36,C1
4.02,1.37,0.0,4.14,3.79,C0
2.61,3.48,3.61,3.04,0.0,C1
6.89,3.21,7.05,5.73,2.2,C1
11.19,7.16,11.08,15.9,2.49,C3
5.07,0.0,4.29,5.29,4.68,C1
5.73,3.57,5.76,8.32,2.4,C1
0.0,7.31,3.84,8.04,4.87,C2
0.0,6.82,5.6,4.9,9.89,C2
21.76,12.14,24.87,23.18,7.16,C1
2.9,0.0,1.94,11.56,0.0,C3
5.04,0.0,1.56,1.5,2.32,C2
3.03,1.91,1.97,1.97,1.43,C1
0.0,5.39,3.76,3.33,4.92,C2
14.27,0.0,9.57,6.65,10.06,C4
10.31,0.0,1.59,6.09,0.0,C2
5.57,1.76,7.46,3.29,0.0,C2
11.3,6.91,13.17,5.01,2.41,C0
18.59,7.91,8.98,4.72,4.6,C2
13.49,12.47,12.81,8.2,12.05,C3
5.19,3.57,5.72,4.87,2.42,C0
12.61,8.14,15.08,11.93,8.93,C2
0.0,2.92,3.21,5.37,1.34,C4
2.59,1.66,5.14,7.78,0.0,C2
4.51,1.14,0.27,2.16,4.69,C4
4.09,8.43,11.52,7.18,4.96,C0
4.59,1.77,1.39,7.75,0.0,C3
0.63,0.0,0.0,0.55,1.64,C0
2.76,3.49,0.0,6.26,2.49,C4
5.09,1.54,10.03,3.0,2.19,C4
5.71,12.99,13.01,8.48,10.02,C2
0.0,5.55,0.0,4.97,4.99,C1
4.05,2.34,0.4,2.42,0.15,C3
8.34,5.35,5.55,12.65,7.06,C1
0.0,0.0,0.0,4.72,4.96,C3
2.63,6.94,7.2,3.17,2.37,C1
0.0,3.5,10.92,2.58,2.28,C2
5.56,5.52,1.87,6.72,2.48,C0
5.84,12.68,5.68,8.36,17.44,C3
0.0,8.21,7.04,6.31,7.01,C2
5.76,1.79,3.72,8.26,2.47,C4
16.88,12.73,26.32,21.62,14.7,C4
2.79,7.03,3.7,8.36,0.0,C2
11.18,10.58,12.83,8.1,4.64,C3
7.45,6.63,13.78,10.85,0.0,C1
2.53,3.58,16.76,4.52,4.72,C3
5.6,0.0,3.7,6.56,4.79,C4
2.87,3.46,9.34,1.62,4.89,C1
5.08,6.31,1.12,2.83,4.13,C0
4.09,1.61,4.29,2.9,0.0,C0
4.14,0.0,1.39,7.02,3.39,C0
0.0,0.81,0.0,2.16,0.0,C3
7.92,8.64,5.39,9.7,0.0,C1
0.0,5.41,3.63,4.87,2.42,C1
8.21,14.85,8.78,25.68,6.74,C3
8.03,7.06,3.59,9.83,6.37,C4
4.22,3.23,7.76,5.92,2.15,C3
2.69,0.0,0.0,3.17,2.48,C2
0.0,3.34,1.65,3.09,2.36,C1
16.27,12.33,20.15,17.9,4.67,C0
5.71,1.87,5.66,6.57,0.0,C3
9.49,3.13,8.81,4.98,0.0,C1
16.82,21.51,9.39,29.62,7.52,C3
6.08,3.25,7.57,2.53,0.0,C2
5.48,2.76,4.07,3.25,2.28,C0
5.1,4.99,2.4,9.9,0.0,C1
3.81,8.73,7.0,5.37,4.61,C4
2.84,9.51,3.62,7.68,6.98,C1
0.0,1.76,1.87,6.77,0.0,C2
0.85,1.19,0.0,5.72,2.12,C3
5.82,1.75,3.84,8.44,0.0,C3
10.88,7.2,7.56,6.77,9.55,C3
3.99,0.0,4.39,1.33,5.45,C4
2.73,3.29,0.0,4.57,0.0,C4
5.36,1.75,4.72,11.97,0.0,C1
5.15,3.37,10.33,4.72,4.57,C0
2.79,3.63,8.33,10.87,3.9,C4
8.69,0.0,0.0,1.71,5.06,C4
11.36,7.31,9.4,14.82,7.39,C1
5.29,6.69,6.58,7.28,6.95,C1
16.16,6.26,14.32,5.81,10.43,C1
5.43,3.49,7.29,14.51,0.0,C0
7.58,8.78,9.55,3.86,1.47,C1
5.23,0.0,3.37,10.21,0.0,C2
8.15,3.54,3.52,4.65,4.53,C1
0.0,1.61,4.98,6.05,2.34,C2
0.0,5.57,0.0,3.4,0.0,C1
2.86,10.87,7.64,6.7,7.44,C3
3.18,0.0,3.0,11.05,2.23,C3
10.98,8.82,16.54,6.53,4.64,C1
2.34,3.54,7.29,7.87,6.81,C0
2.56,3.64,1.94,6.65,0.0,C3
20.31,3.37,12.11,7.44,7.22,C2
8.64,3.7,5.78,11.88,0.0,C3
8.47,8.74,3.88,8.07,7.36,C2
7.63,2.53,5.74,1.41,0.0,C1
8.1,3.63,11.1,9.79,7.69,C2
13.36,1.75,5.19,1.58,2.48,C2
2.86,3.71,13.45,6.67,10.03,C2
4.34,7.56,7.89,6.78,3.95,C4
11.45,3.68,1.96,6.73,0.0,C2
13.65,4.74,5.77,6.66,9.43,C1
0.0,5.36,7.32,3.39,2.52,C1
5.03,5.39,8.96,1.7,4.55,C2
2.87,0.0,1.82,3.32,2.52,C0
5.4,6.64,8.35,7.3,5.51,C1
0.45,1.11,1.65,7.07,0.0,C2
5.77,7.48,7.75,6.76,5.01,C3
0.0,0.0,1.84,1.69,4.9,C4
0.0,0.0,0.0,1.66,2.46,C4
2.24,2.96,3.5,4.85,4.79,C2
10.71,0.0,3.2,3.07,0.0,C0
4.4,2.78,4.25,11.89,1.67,C3
10.03,3.31,6.24,8.94,4.41,C4
4.43,0.0,0.0,1.39,2.2,C1
2.74,0.0,0.0,3.34,5.05,C4
2.79,3.34,4.94,9.2,0.0,C1
13.09,6.89,8.61,14.18,6.61,C1
0.0,3.73,0.0,3.24,0.0,C1
3.51,1.22,1.55,1.34,2.9,C2
8.27,8.09,6.67,12.28,4.68,C0
0.0,7.25,8.83,8.15,7.28,C3
5.64,5.26,1.74,4.87,0.0,C1
8.27,5.13,5.29,9.25,6.84,C4
13.89,0.0,11.23,14.57,9.58,C1
8.28,1.73,1.58,11.32,0.0,C3
0.0,5.27,5.46,1.65,2.37,C2
11.31,1.83,11.18,3.27,4.78,C1
0.0,1.69,5.31,6.56,0.0,C2
2.85,7.05,3.81,1.61,7.4,C0
16.87,5.43,11.23,6.35,2.47,C2
5.44,5.43,9.33,11.27,4.8,C1
11.04,3.63,9.38,3.37,4.93,C4
17.14,5.39,16.99,9.94,7.32,C4
5.86,9.34,3.86,10.17,15.12,C4
5.53,7.02,5.56,16.18,0.0,C3
0.0,3.5,1.75,4.96,2.53,C2
2.87,5.58,1.92,11.72,0.0,C1
10.58,3.5,3.75,4.77,4.76,C0
4.6,4.58,8.04,2.61,3.03,C0
2.78,1.85,3.83,4.88,5.02,C2
4.26,2.19,2.6,9.22,1.26,C4
4.65,1.74,6.97,4.7,0.0,C3
5.08,2.61,3.8,10.63,0.0,C1
11.48,5.47,11.34,12.99,7.52,C3
2.6,5.43,9.49,3.23,2.37,C1
7.53,3.56,7.21,4.94,2.41,C3
0.0,3.64,1.94,5.06,5.05,C4
11.53,16.35,9.44,10.08,12.57,C1
8.53,18.9,16.8,12.39,15.21,C2
2.21,0.0,0.0,2.59,3.72,C4
5.68,3.55,5.39,11.28,0.0,C3
5.54,1.76,1.75,3.15,2.43,C0
0.0,5.58,5.69,5.02,7.29,C4
0.0,1.76,3.58,8.34,2.51,C1
4.78,9.3,6.57,4.1,3.35,C2
8.02,4.95,16.96,13.08,4.51,C4
9.62,5.39,7.68,5.5,3.99,C1
0.0,4.54,1.7,2.9,0.0,C1
2.78,6.41,3.56,6.43,2.41,C3
0.0,5.21,1.8,4.79,7.17,C4
1.8,1.62,3.05,1.52,1.96,C2
8.04,1.69,3.6,4.71,2.45,C1
2.59,0.0,0.0,1.47,4.15,C4
4.9,4.92,8.56,8.98,9.2,C1
5.08,5.36,5.6,2.98,4.03,C4
7.56,4.98,11.83,12.05,7.17,C2
2.85,12.28,3.75,6.54,7.24,C2
2.74,3.45,5.54,1.47,2.27,C4
7.31,11.22,11.3,10.05,8.7,C1
5.75,9.13,5.78,10.24,10.02,C2
4.91,0.0,0.0,1.48,4.77,C4
11.47,9.13,5.73,11.86,5.08,C1
16.23,3.45,10.65,3.14,0.0,C1
1.92,0.0,0.0,2.99,5.27,C3
15.52,8.33,5.88,11.73,8.69,C0
5.58,3.64,3.71,13.13,0.0,C2
1.44,1.04,0.28,1.42,0.0,C3
2.16,1.15,0.69,8.64,0.0,C2
2.44,0.75,1.27,5.88,0.0,C3
7.08,3.0,5.53,6.7,1.21,C3
8.49,0.0,0.0,2.65,4.81,C0
2.12,4.6,3.03,6.94,0.0,C3
2.93,7.43,15.22,6.74,14.87,C2
5.85,5.47,5.78,14.82,0.0,C1
5.63,1.79,7.42,3.24,0.0,C2
20.06,10.98,22.82,16.63,9.84,C4
5.5,6.67,0.0,6.76,2.37,C3
15.94,6.37,8.26,9.09,6.07,C2
2.85,3.73,7.73,6.8,0.0,C1
2.9,3.72,7.67,1.68,2.45,C2
2.32,3.46,2.03,9.05,0.0,C3
5.36,0.0,5.65,4.97,4.95,C0
11.29,3.62,15.17,6.69,7.44,C2
8.63,8.83,16.93,11.55,4.86,C0
8.71,10.64,11.52,14.85,12.54,C2
8.12,7.09,7.57,7.95,2.24,C2
1.79,3.43,1.74,4.68,2.09,C3
28.07,15.83,22.43,24.56,21.84,C2
5.76,0.0,0.0,4.95,2.46,C0
5.69,3.68,1.66,3.29,0.0,C4
6.14,5.17,3.9,8.28,1.96,C0
7.4,7.94,1.65,8.34,0.0,C1
18.4,5.21,15.92,11.0,4.28,C2
9.79,7.73,10.19,6.26,4.44,C2
0.0,5.23,5.62,3.3,7.32,C4
5.73,1.82,7.7,1.7,2.51,C2
11.0,5.25,7.17,14.16,2.24,C3
0.0,0.0,1.18,6.67,1.65,C4
0.0,0.0,0.0,3.2,2.39,C4
10.38,3.28,1.54,7.32,2.23,C0
7.85,7.59,9.86,14.66,4.18,C4
12.13,16.07,15.57,13.98,11.0,C1
28.69,23.76,19.05,43.52,22.42,C2
2.82,0.0,0.0,3.21,2.48,C0
16.53,6.44,13.98,17.41,4.49,C0
7.94,3.4,4.77,7.78,4.25,C2
0.0,6.92,2.71,3.2,6.97,C4
5.75,7.29,1.94,3.41,2.55,C1
2.82,3.62,7.31,4.91,2.46,C2
0.0,8.16,16.03,9.56,0.0,C2
7.0,1.6,10.4,9.77,7.94,C2
0.0,6.83,3.27,8.04,2.31,C1
2.76,4.79,5.22,4.63,4.71,C3
8.59,1.82,1.92,11.77,0.0,C3
5.66,0.0,0.0,1.51,3.9,C4
12.99,5.06,10.58,7.91,4.28,C3
2.89,7.29,3.79,6.61,7.46,C3
2.12,4.83,3.66,8.27,0.44,C2
8.72,18.62,9.67,10.14,10.07,C2
2.88,19.42,16.82,8.31,26.85,C2
27.16,27.49,28.98,25.77,23.93,C3
5.37,0.0,10.31,4.56,1.94,C0
8.27,3.5,3.75,6.39,2.44,C4
0.0,1.49,1.79,6.36,2.41,C1
0.0,1.24,1.34,4.48,2.02,C4
10.65,3.31,10.99,3.44,2.5,C1
2.68,1.67,1.56,4.74,0.0,C3
10.58,4.76,11.46,8.29,4.2,C4
7.05,4.07,3.34,11.28,0.0,C3
0.0,5.61,7.73,3.38,2.51,C1
2.02,3.41,8.34,5.47,2.03,C2
14.49,5.55,11.52,10.16,2.53,C3
0.0,0.0,0.0,3.23,2.2,C3
8.06,4.82,3.69,5.47,2.29,C3
5.51,0.0,9.07,4.81,4.81,C2
0.13,1.25,0.0,7.14,0.0,C1
3.79,1.69,2.92,3.31,2.96,C2
3.83,3.51,3.42,9.58,2.95,C4
7.33,4.72,6.09,13.6,1.98,C2
2.54,4.97,1.18,6.36,4.14,C3
5.25,3.26,3.16,5.69,2.3,C3
0.0,1.74,3.63,6.26,2.21,C1
2.47,3.37,1.82,12.84,4.89,C4
5.2,1.33,1.24,3.86,2.09,C2
0.24,0.3,1.99,2.51,4.42,C1
5.5,1.81,3.65,7.73,4.67,C4
0.0,5.39,9.41,4.83,17.21,C4
0.0,5.37,3.71,6.28,2.3,C3
5.38,2.6,4.28,12.12,0.0,C2
5.56,1.79,5.57,4.82,2.43,C2
5.41,7.13,5.54,6.4,7.38,C1
1.63,1.1,2.53,6.57,3.58,C1
0.0,3.03,3.29,1.94,1.87,C4
13.86,8.77,14.88,4.89,9.81,C4
2.84,5.37,1.88,4.9,2.46,C1
10.48,5.01,12.5,14.47,6.83,C3
2.19,1.89,0.75,1.43,1.73,C4
7.92,1.8,3.59,6.23,2.38,C4
7.38,8.19,9.88,17.55,8.92,C0
16.37,17.16,16.39,13.85,14.19,C1
2.37,4.95,13.64,3.05,4.32,C2
0.0,5.41,1.92,4.83,0.0,C1
8.38,12.04,15.08,4.61,12.27,C2
12.97,6.82,5.39,1.57,4.75,C0
0.0,0.0,3.8,4.95,2.37,C4
16.34,19.03,21.91,6.52,9.62,C2
2.47,1.46,0.0,4.46,2.22,C4
8.42,0.0,5.51,8.05,0.0,C2
4.28,6.01,8.11,5.52,7.0,C2
8.44,8.47,6.33,4.78,4.59,C2
14.07,3.75,5.63,8.27,5.04,C1
2.61,5.23,3.51,4.92,0.0,C1
7.65,14.69,10.6,7.23,15.47,C0
8.44,1.8,5.67,1.58,2.29,C1
14.85,7.53,14.93,7.99,4.13,C2
8.53,7.26,13.04,6.48,7.3,C3
5.81,3.59,1.81,10.08,0.0,C3
9.99,7.4,8.86,9.25,4.9,C3
2.5,0.0,0.0,1.67,2.48,C4
5.03,2.87,4.54,10.4,4.58,C2
55.53,48.61,70.16,53.0,63.7,C2
2.92,3.71,3.81,1.7,2.51,C1
8.43,4.08,3.52,3.14,0.0,C1
18.76,5.18,14.34,9.59,6.95,C3
2.93,7.71,8.28,6.61,1.36,C1
0.0,5.59,5.7,6.79,7.39,C1
2.76,5.11,14.64,4.79,2.48,C3
7.42,5.22,6.55,4.68,1.66,C1
13.25,10.21,11.07,19.9,0.0,C2
5.69,5.26,5.63,19.19,0.0,C3
8.76,7.47,17.5,13.68,10.18,C3
9.47,4.89,8.2,4.77,4.29,C3
11.16,3.61,1.83,9.77,0.0,C3
1.52,1.48,2.77,6.29,2.14,C2
2.5,5.12,7.29,6.32,4.34,C0
8.1,1.8,5.45,3.17,4.73,C2
5.69,10.76,11.26,8.16,14.75,C4
2.6,0.0,4.44,7.42,1.49,C4
8.44,17.35,13.76,22.5,9.62,C1
11.15,3.64,7.55,3.23,4.85,C2
2.17,0.0,3.58,3.03,4.76,C0
22.47,5.49,18.91,18.33,4.95,C3
38.05,24.24,27.11,27.3,18.91,C0
0.0,8.35,7.23,4.75,11.77,C4
2.69,5.25,3.54,8.22,7.35,C2
11.24,5.55,7.58,6.51,2.47,C0
0.0,3.52,0.0,4.61,4.84,C2
11.05,3.57,5.49,15.49,0.0,C3
9.09,0.0,0.0,1.31,2.4,C0
2.78,1.69,4.89,4.45,2.32,C2
11.05,3.68,13.41,5.02,4.94,C0
8.06,3.38,12.31,7.43,2.31,C1
0.0,5.39,7.0,4.88,0.0,C2
13.3,3.56,5.26,2.99,0.0,C0
7.51,1.4,1.47,1.48,6.09,C0
1.1,0.0,0.55,5.9,0.0,C2
2.51,2.33,7.57,7.73,4.12,C2
8.44,1.8,0.0,8.27,0.0,C2
11.09,9.61,5.78,9.02,2.05,C1
1.89,0.97,0.9,7.65,0.0,C3
10.47,3.22,4.56,1.6,0.0,C2
8.64,5.56,3.84,3.4,0.0,C0
2.39,1.44,1.21,8.68,1.19,C0
4.86,0.0,4.19,12.23,0.0,C3
5.91,6.87,8.25,14.76,2.6,C2
10.49,4.75,4.78,4.52,6.7,C0
2.88,3.52,3.85,6.65,0.0,C1
5.13,6.92,7.36,9.33,2.21,C1
0.0,0.0,0.0,0.0,0.0,C3
10.61,6.71,14.56,9.41,7.18,C2
10.23,16.95,11.81,4.18,11.36,C1
0.59,2.56,1.24,0.75,1.94,C0
2.82,1.82,7.53,1.64,5.0,C4
0.0,4.79,3.74,4.8,2.49,C1
8.28,3.41,5.55,4.91,2.49,C2
7.24,7.09,5.43,4.77,2.44,C3
2.76,2.96,0.0,5.05,0.0,C3
0.0,0.0,3.74,8.23,4.74,C4
4.97,0.0,1.54,4.06,4.04,C4
17.16,16.59,11.51,10.25,7.55,C0
14.23,8.27,2.97,12.89,2.29,C1
10.84,0.0,5.5,3.16,9.78,C4
12.84,8.08,15.68,12.38,6.59,C2
2.41,0.87,3.07,7.08,0.0,C1
9.47,10.92,9.99,7.34,4.35,C1
4.64,0.0,1.86,1.59,2.38,C2
0.0,0.0,0.0,0.84,0.01,C3
12.13,11.2,15.21,9.21,8.59,C1
18.92,14.15,25.75,16.09,16.88,C2
2.47,1.95,8.35,5.84,0.0,C2
1.4,5.76,2.56,1.39,2.0,C1
46.48,44.35,53.68,32.28,50.29,C4
22.04,16.4,16.57,28.63,13.33,C3
3.86,6.58,3.23,12.23,4.82,C3
2.82,1.62,5.34,9.77,0.0,C3
6.98,9.85,9.15,6.91,6.93,C1
23.33,15.97,19.37,31.05,4.65,C3
7.42,3.1,4.33,7.94,0.0,C2
5.46,0.0,0.0,1.66,4.88,C4
1.85,7.38,5.96,9.96,1.11,C2
0.0,0.0,3.61,5.99,4.66,C2
0.0,0.0,0.0,1.24,1.96,C4
2.81,9.1,9.45,6.61,7.45,C0
8.03,4.53,1.72,6.46,2.36,C0
0.0,3.41,0.0,4.51,2.27,C1
5.77,1.82,5.79,8.4,0.0,C3
13.72,5.19,7.03,9.36,4.54,C1
4.8,6.26,4.82,1.53,3.87,C2
5.16,0.0,5.15,11.77,0.0,C2
0.0,0.0,2.35,4.98,6.1,C2
5.84,5.55,15.32,5.04,0.0,C1
17.4,8.79,11.58,8.39,12.7,C2
8.68,7.38,1.92,11.77,2.43,C4
5.72,5.18,3.54,9.78,7.21,C1
19.59,13.88,20.2,9.58,9.34,C3
4.24,1.19,1.69,5.72,0.0,C1
5.8,6.86,3.8,13.06,2.33,C0
10.75,16.16,21.43,17.41,12.6,C3
5.43,1.69,3.07,3.26,2.48,C2
0.0,5.92,2.86,3.63,1.62,C3
5.32,3.57,7.31,3.26,2.38,C4
4.98,0.0,0.0,1.68,2.53,C1
5.45,5.23,7.09,9.62,6.93,C2
5.34,6.73,5.11,7.47,9.18,C1
5.36,1.81,5.74,6.46,2.21,C2
4.85,4.21,1.5,12.33,0.0,C1
8.3,3.64,1.8,4.5,4.91,C4
13.57,7.0,12.33,17.47,4.09,C0
0.0,3.23,3.66,6.21,2.48,C2
10.37,5.16,5.37,6.46,5.86,C0
1.97,3.73,3.87,2.57,0.0,C1
3.6,1.95,5.47,6.81,0.0,C0
22.0,7.22,12.98,19.25,3.51,C2
2.81,0.0,3.43,8.06,2.48,C4
0.0,0.0,8.31,8.03,0.0,C3
10.42,4.68,4.82,15.04,4.31,C1
0.0,0.0,0.0,1.51,4.88,C3
0.0,0.0,3.65,11.06,2.36,C3
2.76,0.0,5.37,3.31,2.48,C2
8.26,3.69,5.66,3.37,2.51,C1
0.0,1.72,0.59,5.91,1.88,C3
2.01,1.19,0.83,2.49,3.0,C1
7.94,3.48,10.89,6.54,6.51,C0
2.75,3.64,3.8,3.32,4.74,C4
18.71,7.21,23.99,8.19,7.19,C2
7.42,3.28,6.8,5.99,2.37,C0
4.69,3.17,1.62,1.49,3.15,C4
7.81,5.18,3.34,4.64,0.0,C1
11.98,2.88,4.76,4.58,0.0,C1
0.0,5.28,0.0,4.13,2.18,C2
2.87,3.49,3.74,3.28,2.45,C2
2.35,3.39,1.09,8.63,1.69,C1
5.48,12.46,9.2,6.39,13.99,C1
0.26,3.65,0.0,3.44,7.31,C4
5.71,0.0,1.89,1.66,6.88,C4
11.37,17.97,16.69,9.89,17.31,C2
17.11,23.47,18.8,26.52,22.15,C1
0.0,1.84,1.82,3.33,2.47,C2
2.82,5.42,3.65,1.68,2.34,C4
1.99,1.32,2.88,10.02,4.16,C4
9.49,3.27,3.25,5.92,4.76,C1
22.82,25.74,31.99,18.48,22.29,C1
11.52,0.0,3.85,4.05,4.69,C2
13.37,12.86,15.44,23.56,18.21,C4
17.26,18.42,24.5,18.07,14.96,C2
11.01,1.81,7.45,4.94,9.76,C0
11.21,5.43,5.71,9.89,0.0,C1
2.59,1.49,1.66,2.99,4.65,C1
2.7,1.43,3.55,9.51,0.0,C0
5.65,1.83,3.58,3.28,7.08,C3
0.0,0.0,0.0,3.27,2.38,C4
3.87,4.44,4.42,5.54,1.91,C2
0.0,3.65,3.67,4.93,2.53,C2
7.94,4.01,8.11,6.83,3.94,C4
0.0,3.49,1.85,6.78,0.0,C1
0.0,3.43,5.33,4.91,1.98,C3
19.51,3.55,11.38,8.13,2.48,C2
8.46,4.99,0.0,11.5,9.94,C0
1.71,0.0,0.0,2.84,2.39,C4
13.76,3.55,5.45,13.34,7.42,C2
5.65,10.82,3.67,9.57,0.0,C1
8.06,1.68,8.82,3.15,7.05,C3
11.71,3.93,11.02,11.22,3.94,C1
8.85,3.08,9.89,13.82,4.1,C3
10.37,1.75,1.81,1.49,6.89,C1
5.18,2.34,0.0,6.21,4.65,C4
5.05,3.53,10.32,5.02,4.67,C2
2.85,4.9,5.12,9.54,0.0,C2
3.11,1.15,0.35,5.41,0.0,C1
2.61,1.5,3.14,3.72,0.0,C4
7.35,0.0,9.95,2.98,0.0,C2
8.53,9.13,5.49,11.67,12.3,C4
10.38,3.31,6.21,17.45,2.07,C3
0.0,3.03,5.36,4.23,2.11,C2
16.95,14.53,9.5,16.41,15.08,C2
2.6,5.46,3.69,11.42,0.0,C3
5.83,3.68,1.96,6.76,0.0,C1
4.43,0.0,0.0,1.6,2.43,C0
0.0,0.0,0.0,3.37,4.01,C4
2.75,0.0,0.0,1.58,5.0,C4
2.15,1.53,0.0,1.44,2.2,C1
13.59,10.69,22.36,16.3,4.67,C1
12.48,4.82,11.63,18.1,10.36,C3
8.4,8.46,5.48,17.2,4.64,C4
0.0,0.0,1.69,9.48,0.0,C2
16.38,9.71,14.18,21.13,4.73,C3
6.62,2.69,6.84,15.57,0.0,C1
11.29,5.31,7.3,9.5,4.9,C0
7.58,5.74,6.11,9.57,8.27,C4
2.18,1.17,2.61,6.74,2.03,C4
11.06,7.35,5.74,8.42,7.44,C1
22.68,3.35,3.78,13.06,7.23,C1
2.13,0.0,2.51,1.63,2.3,C2
2.45,3.29,1.65,1.61,4.35,C1
21.31,1.73,5.38,6.56,2.35,C0
7.45,0.0,0.0,1.42,4.64,C3
2.82,8.23,5.06,5.7,8.76,C4
2.87,3.68,5.76,4.82,4.96,C3
5.85,3.71,13.59,8.41,5.07,C2
4.17,0.0,2.78,1.43,3.95,C2
11.52,7.35,9.52,11.57,4.89,C0
0.0,1.75,0.0,2.85,2.45,C4
8.22,1.74,5.56,4.75,2.23,C4
11.39,9.14,22.98,13.57,7.43,C1
4.87,1.54,5.32,8.62,0.0,C3
2.5,1.82,0.0,9.09,0.0,C3
6.91,0.0,2.69,4.49,2.39,C0
2.93,1.75,5.68,6.5,0.0,C3
11.39,3.56,15.09,11.54,4.81,C3
20.14,5.41,16.05,14.29,0.0,C1
2.56,1.57,1.73,1.57,1.85,C0
37.34,29.44,42.15,26.9,37.69,C4
2.74,0.0,1.61,1.64,4.43,C4
0.0,5.27,0.0,3.37,4.7,C1
11.27,7.12,1.84,11.42,4.99,C0
7.51,1.79,12.82,4.29,6.93,C1
4.24,1.49,0.0,0.35,2.04,C0
11.14,1.73,3.71,3.27,2.49,C1
9.54,11.8,3.91,9.75,5.08,C1
5.48,1.77,9.22,6.37,2.47,C2
12.7,15.18,15.6,12.05,8.59,C2
9.4,4.7,17.35,8.16,3.54,C3
10.91,3.63,5.63,8.14,2.48,C0
13.89,5.35,11.14,11.29,7.04,C3
20.46,15.65,25.26,15.98,18.47,C0
8.66,1.84,0.0,10.09,5.05,C3
9.88,1.75,5.05,5.9,2.16,C2
2.84,0.0,1.84,5.01,0.0,C0
2.44,0.0,1.41,2.57,1.82,C1
8.97,4.39,3.33,3.32,5.94,C2
11.49,7.54,17.28,8.65,10.45,C3
11.88,8.29,7.03,4.18,6.76,C2
8.16,3.39,9.03,9.38,4.23,C0
4.19,8.78,3.63,7.96,1.43,C2
26.5,21.27,17.68,21.65,13.92,C2
16.86,3.7,9.55,4.99,4.95,C3
0.0,3.18,5.12,4.16,2.24,C2
10.33,4.76,3.28,6.24,2.37,C2
2.88,3.68,0.0,4.62,0.0,C1
2.66,5.12,3.55,7.7,11.92,C4
3.67,1.65,4.65,3.19,2.24,C0
2.71,5.04,1.7,6.14,4.29,C4
2.76,1.83,7.48,4.69,0.0,C2
4.84,2.94,15.52,8.34,4.1,C1
5.59,0.0,1.83,7.62,0.0,C0
0.0,0.79,1.17,2.91,1.34,C2
8.7,5.57,3.9,5.09,0.0,C2
0.0,7.32,0.0,6.64,4.89,C3
15.11,11.32,13.18,21.98,15.21,C1
5.54,6.39,4.68,14.19,7.1,C1
5.8,0.0,3.81,1.68,5.03,C2
5.65,6.93,3.57,6.45,9.8,C4
4.82,3.28,4.9,4.87,6.78,C1
5.58,7.19,10.98,1.64,2.38,C3
10.36,2.71,4.76,4.11,2.26,C0
29.15,27.83,28.88,32.23,30.16,C3
2.19,1.81,5.73,9.64,0.0,C2
11.53,0.0,13.38,8.38,2.53,C2
5.48,12.03,7.11,6.47,13.93,C1
11.63,8.95,13.89,12.67,3.06,C3
2.54,0.0,1.44,8.28,0.0,C0
10.78,5.1,12.67,9.29,6.84,C0
11.01,8.71,3.55,7.89,4.75,C0
2.77,8.7,3.78,3.28,2.49,C4
5.62,9.02,5.55,3.38,2.44,C0
0.99,1.16,0.4,1.4,1.74,C4
5.58,7.21,1.93,3.26,2.41,C3
0.0,7.12,5.72,11.49,7.24,C4
0.0,1.72,0.0,1.3,3.37,C1
13.66,7.04,16.63,14.28,4.77,C2
5.87,1.89,0.0,5.11,7.64,C1
2.94,1.84,5.68,8.48,2.51,C2
0.0,0.0,1.31,2.58,4.15,C2
8.47,0.0,0.0,1.56,2.49,C3
11.51,5.53,5.64,17.88,2.36,C3
4.95,5.09,3.53,6.53,4.44,C0
6.54,2.93,1.37,8.58,9.62,C3
2.66,3.34,5.16,6.03,0.0,C2
0.0,0.0,1.76,1.64,6.84,C4
17.0,11.01,13.41,8.17,7.42,C3
2.9,5.39,3.53,6.71,7.41,C4
